fecha,tipo,sesiones,paginas_leidas
2023-11-01,comic,0,0
2023-11-01,cuentos,0,0
2023-11-01,manga,0,0
2023-11-01,novela,1,49
2023-11-02,comic,0,0
2023-11-02,cuentos,0,0
2023-11-02,manga,0,0
2023-11-02,novela,0,0
2023-11-03,comic,0,0
2023-11-03,cuentos,0,0
2023-11-03,manga,0,0
2023-11-03,novela,0,0
2023-11-04,comic,0,0
2023-11-04,cuentos,0,0
2023-11-04,manga,0,0
2023-11-04,novela,0,0
2023-11-05,comic,0,0
2023-11-05,cuentos,0,0
2023-11-05,manga,0,0
2023-11-05,novela,1,59
2023-11-06,comic,0,0
2023-11-06,cuentos,0,0
2023-11-06,manga,0,0
2023-11-06,novela,0,0
2023-11-07,comic,0,0
2023-11-07,cuentos,0,0
2023-11-07,manga,0,0
2023-11-07,novela,0,0
2023-11-08,comic,0,0
2023-11-08,cuentos,0,0
2023-11-08,manga,0,0
2023-11-08,novela,0,0
2023-11-09,comic,0,0
2023-11-09,cuentos,0,0
2023-11-09,manga,0,0
2023-11-09,novela,0,0
2023-11-10,comic,0,0
2023-11-10,cuentos,0,0
2023-11-10,manga,0,0
2023-11-10,novela,0,0
2023-11-11,comic,0,0
2023-11-11,cuentos,0,0
2023-11-11,manga,0,0
2023-11-11,novela,0,0
2023-11-12,comic,0,0
2023-11-12,cuentos,0,0
2023-11-12,manga,0,0
2023-11-12,novela,0,0
2023-11-13,comic,0,0
2023-11-13,cuentos,0,0
2023-11-13,manga,0,0
2023-11-13,novela,0,0
2023-11-14,comic,0,0
2023-11-14,cuentos,0,0
2023-11-14,manga,0,0
2023-11-14,novela,0,0
2023-11-15,comic,0,0
2023-11-15,cuentos,0,0
2023-11-15,manga,0,0
2023-11-15,novela,0,0
2023-11-16,comic,0,0
2023-11-16,cuentos,0,0
2023-11-16,manga,0,0
2023-11-16,novela,0,0
2023-11-17,comic,0,0
2023-11-17,cuentos,0,0
2023-11-17,manga,0,0
2023-11-17,novela,0,0
2023-11-18,comic,0,0
2023-11-18,cuentos,0,0
2023-11-18,manga,0,0
2023-11-18,novela,0,0
2023-11-19,comic,0,0
2023-11-19,cuentos,0,0
2023-11-19,manga,0,0
2023-11-19,novela,0,0
2023-11-20,comic,0,0
2023-11-20,cuentos,0,0
2023-11-20,manga,0,0
2023-11-20,novela,0,0
2023-11-21,comic,0,0
2023-11-21,cuentos,0,0
2023-11-21,manga,0,0
2023-11-21,novela,0,0
2023-11-22,comic,0,0
2023-11-22,cuentos,0,0
2023-11-22,manga,0,0
2023-11-22,novela,0,0
2023-11-23,comic,0,0
2023-11-23,cuentos,0,0
2023-11-23,manga,0,0
2023-11-23,novela,0,0
2023-11-24,comic,0,0
2023-11-24,cuentos,0,0
2023-11-24,manga,0,0
2023-11-24,novela,0,0
2023-11-25,comic,0,0
2023-11-25,cuentos,0,0
2023-11-25,manga,0,0
2023-11-25,novela,0,0
2023-11-26,comic,0,0
2023-11-26,cuentos,0,0
2023-11-26,manga,0,0
2023-11-26,novela,0,0
2023-11-27,comic,0,0
2023-11-27,cuentos,0,0
2023-11-27,manga,0,0
2023-11-27,novela,0,0
2023-11-28,comic,0,0
2023-11-28,cuentos,0,0
2023-11-28,manga,0,0
2023-11-28,novela,0,0
2023-11-29,comic,0,0
2023-11-29,cuentos,0,0
2023-11-29,manga,0,0
2023-11-29,novela,0,0
2023-11-30,comic,0,0
2023-11-30,cuentos,0,0
2023-11-30,manga,0,0
2023-11-30,novela,0,0
2023-12-01,comic,0,0
2023-12-01,cuentos,0,0
2023-12-01,manga,0,0
2023-12-01,novela,0,0
2023-12-02,comic,0,0
2023-12-02,cuentos,0,0
2023-12-02,manga,0,0
2023-12-02,novela,0,0
2023-12-03,comic,0,0
2023-12-03,cuentos,0,0
2023-12-03,manga,0,0
2023-12-03,novela,0,0
2023-12-04,comic,0,0
2023-12-04,cuentos,0,0
2023-12-04,manga,0,0
2023-12-04,novela,0,0
2023-12-05,comic,0,0
2023-12-05,cuentos,0,0
2023-12-05,manga,0,0
2023-12-05,novela,0,0
2023-12-06,comic,0,0
2023-12-06,cuentos,0,0
2023-12-06,manga,0,0
2023-12-06,novela,0,0
2023-12-07,comic,0,0
2023-12-07,cuentos,0,0
2023-12-07,manga,0,0
2023-12-07,novela,0,0
2023-12-08,comic,0,0
2023-12-08,cuentos,0,0
2023-12-08,manga,0,0
2023-12-08,novela,0,0
2023-12-09,comic,0,0
2023-12-09,cuentos,0,0
2023-12-09,manga,0,0
2023-12-09,novela,0,0
2023-12-10,comic,0,0
2023-12-10,cuentos,0,0
2023-12-10,manga,0,0
2023-12-10,novela,0,0
2023-12-11,comic,0,0
2023-12-11,cuentos,0,0
2023-12-11,manga,0,0
2023-12-11,novela,0,0
2023-12-12,comic,0,0
2023-12-12,cuentos,0,0
2023-12-12,manga,0,0
2023-12-12,novela,0,0
2023-12-13,comic,0,0
2023-12-13,cuentos,0,0
2023-12-13,manga,0,0
2023-12-13,novela,0,0
2023-12-14,comic,0,0
2023-12-14,cuentos,0,0
2023-12-14,manga,0,0
2023-12-14,novela,0,0
2023-12-15,comic,0,0
2023-12-15,cuentos,0,0
2023-12-15,manga,0,0
2023-12-15,novela,0,0
2023-12-16,comic,0,0
2023-12-16,cuentos,0,0
2023-12-16,manga,0,0
2023-12-16,novela,0,0
2023-12-17,comic,0,0
2023-12-17,cuentos,0,0
2023-12-17,manga,0,0
2023-12-17,novela,0,0
2023-12-18,comic,0,0
2023-12-18,cuentos,0,0
2023-12-18,manga,0,0
2023-12-18,novela,0,0
2023-12-19,comic,0,0
2023-12-19,cuentos,0,0
2023-12-19,manga,0,0
2023-12-19,novela,0,0
2023-12-20,comic,0,0
2023-12-20,cuentos,0,0
2023-12-20,manga,0,0
2023-12-20,novela,0,0
2023-12-21,comic,0,0
2023-12-21,cuentos,0,0
2023-12-21,manga,0,0
2023-12-21,novela,0,0
2023-12-22,comic,0,0
2023-12-22,cuentos,0,0
2023-12-22,manga,0,0
2023-12-22,novela,0,0
2023-12-23,comic,0,0
2023-12-23,cuentos,0,0
2023-12-23,manga,0,0
2023-12-23,novela,0,0
2023-12-24,comic,0,0
2023-12-24,cuentos,0,0
2023-12-24,manga,0,0
2023-12-24,novela,0,0
2023-12-25,comic,0,0
2023-12-25,cuentos,0,0
2023-12-25,manga,0,0
2023-12-25,novela,0,0
2023-12-26,comic,0,0
2023-12-26,cuentos,0,0
2023-12-26,manga,0,0
2023-12-26,novela,0,0
2023-12-27,comic,0,0
2023-12-27,cuentos,0,0
2023-12-27,manga,0,0
2023-12-27,novela,0,0
2023-12-28,comic,0,0
2023-12-28,cuentos,0,0
2023-12-28,manga,0,0
2023-12-28,novela,0,0
2023-12-29,comic,0,0
2023-12-29,cuentos,0,0
2023-12-29,manga,0,0
2023-12-29,novela,0,0
2023-12-30,comic,0,0
2023-12-30,cuentos,0,0
2023-12-30,manga,0,0
2023-12-30,novela,0,0
2023-12-31,comic,0,0
2023-12-31,cuentos,0,0
2023-12-31,manga,0,0
2023-12-31,novela,0,0
2024-01-01,comic,0,0
2024-01-01,cuentos,0,0
2024-01-01,manga,0,0
2024-01-01,novela,0,0
2024-01-02,comic,0,0
2024-01-02,cuentos,0,0
2024-01-02,manga,0,0
2024-01-02,novela,0,0
2024-01-03,comic,0,0
2024-01-03,cuentos,0,0
2024-01-03,manga,0,0
2024-01-03,novela,1,55
2024-01-04,comic,0,0
2024-01-04,cuentos,0,0
2024-01-04,manga,0,0
2024-01-04,novela,0,0
2024-01-05,comic,0,0
2024-01-05,cuentos,0,0
2024-01-05,manga,0,0
2024-01-05,novela,0,0
2024-01-06,comic,0,0
2024-01-06,cuentos,0,0
2024-01-06,manga,0,0
2024-01-06,novela,0,0
2024-01-07,comic,0,0
2024-01-07,cuentos,0,0
2024-01-07,manga,0,0
2024-01-07,novela,0,0
2024-01-08,comic,0,0
2024-01-08,cuentos,0,0
2024-01-08,manga,0,0
2024-01-08,novela,1,34
2024-01-09,comic,0,0
2024-01-09,cuentos,0,0
2024-01-09,manga,0,0
2024-01-09,novela,0,0
2024-01-10,comic,0,0
2024-01-10,cuentos,0,0
2024-01-10,manga,0,0
2024-01-10,novela,0,0
2024-01-11,comic,0,0
2024-01-11,cuentos,0,0
2024-01-11,manga,0,0
2024-01-11,novela,0,0
2024-01-12,comic,0,0
2024-01-12,cuentos,0,0
2024-01-12,manga,0,0
2024-01-12,novela,0,0
2024-01-13,comic,0,0
2024-01-13,cuentos,0,0
2024-01-13,manga,0,0
2024-01-13,novela,1,58
2024-01-14,comic,0,0
2024-01-14,cuentos,0,0
2024-01-14,manga,0,0
2024-01-14,novela,1,49
2024-01-15,comic,0,0
2024-01-15,cuentos,0,0
2024-01-15,manga,0,0
2024-01-15,novela,0,0
2024-01-16,comic,0,0
2024-01-16,cuentos,0,0
2024-01-16,manga,0,0
2024-01-16,novela,0,0
2024-01-17,comic,0,0
2024-01-17,cuentos,0,0
2024-01-17,manga,0,0
2024-01-17,novela,0,0
2024-01-18,comic,0,0
2024-01-18,cuentos,0,0
2024-01-18,manga,0,0
2024-01-18,novela,0,0
2024-01-19,comic,0,0
2024-01-19,cuentos,0,0
2024-01-19,manga,0,0
2024-01-19,novela,0,0
2024-01-20,comic,0,0
2024-01-20,cuentos,0,0
2024-01-20,manga,0,0
2024-01-20,novela,0,0
2024-01-21,comic,0,0
2024-01-21,cuentos,0,0
2024-01-21,manga,0,0
2024-01-21,novela,0,0
2024-01-22,comic,0,0
2024-01-22,cuentos,0,0
2024-01-22,manga,0,0
2024-01-22,novela,0,0
2024-01-23,comic,0,0
2024-01-23,cuentos,0,0
2024-01-23,manga,0,0
2024-01-23,novela,0,0
2024-01-24,comic,0,0
2024-01-24,cuentos,0,0
2024-01-24,manga,0,0
2024-01-24,novela,0,0
2024-01-25,comic,0,0
2024-01-25,cuentos,0,0
2024-01-25,manga,0,0
2024-01-25,novela,0,0
2024-01-26,comic,0,0
2024-01-26,cuentos,0,0
2024-01-26,manga,0,0
2024-01-26,novela,0,0
2024-01-27,comic,0,0
2024-01-27,cuentos,0,0
2024-01-27,manga,0,0
2024-01-27,novela,0,0
2024-01-28,comic,0,0
2024-01-28,cuentos,0,0
2024-01-28,manga,0,0
2024-01-28,novela,0,0
2024-01-29,comic,0,0
2024-01-29,cuentos,0,0
2024-01-29,manga,0,0
2024-01-29,novela,0,0
2024-01-30,comic,0,0
2024-01-30,cuentos,0,0
2024-01-30,manga,0,0
2024-01-30,novela,0,0
2024-01-31,comic,0,0
2024-01-31,cuentos,0,0
2024-01-31,manga,0,0
2024-01-31,novela,0,0
2024-02-01,comic,0,0
2024-02-01,cuentos,0,0
2024-02-01,manga,0,0
2024-02-01,novela,0,0
2024-02-02,comic,0,0
2024-02-02,cuentos,0,0
2024-02-02,manga,0,0
2024-02-02,novela,0,0
2024-02-03,comic,0,0
2024-02-03,cuentos,0,0
2024-02-03,manga,0,0
2024-02-03,novela,0,0
2024-02-04,comic,0,0
2024-02-04,cuentos,0,0
2024-02-04,manga,0,0
2024-02-04,novela,1,51
2024-02-05,comic,0,0
2024-02-05,cuentos,0,0
2024-02-05,manga,0,0
2024-02-05,novela,1,38
2024-02-06,comic,0,0
2024-02-06,cuentos,0,0
2024-02-06,manga,0,0
2024-02-06,novela,0,0
2024-02-07,comic,0,0
2024-02-07,cuentos,0,0
2024-02-07,manga,0,0
2024-02-07,novela,0,0
2024-02-08,comic,0,0
2024-02-08,cuentos,0,0
2024-02-08,manga,0,0
2024-02-08,novela,0,0
2024-02-09,comic,0,0
2024-02-09,cuentos,0,0
2024-02-09,manga,0,0
2024-02-09,novela,0,0
2024-02-10,comic,0,0
2024-02-10,cuentos,0,0
2024-02-10,manga,0,0
2024-02-10,novela,0,0
2024-02-11,comic,0,0
2024-02-11,cuentos,0,0
2024-02-11,manga,0,0
2024-02-11,novela,0,0
2024-02-12,comic,0,0
2024-02-12,cuentos,0,0
2024-02-12,manga,0,0
2024-02-12,novela,0,0
2024-02-13,comic,0,0
2024-02-13,cuentos,0,0
2024-02-13,manga,0,0
2024-02-13,novela,0,0
2024-02-14,comic,0,0
2024-02-14,cuentos,0,0
2024-02-14,manga,0,0
2024-02-14,novela,0,0
2024-02-15,comic,0,0
2024-02-15,cuentos,0,0
2024-02-15,manga,0,0
2024-02-15,novela,0,0
2024-02-16,comic,0,0
2024-02-16,cuentos,0,0
2024-02-16,manga,0,0
2024-02-16,novela,0,0
2024-02-17,comic,0,0
2024-02-17,cuentos,0,0
2024-02-17,manga,0,0
2024-02-17,novela,0,0
2024-02-18,comic,0,0
2024-02-18,cuentos,0,0
2024-02-18,manga,0,0
2024-02-18,novela,0,0
2024-02-19,comic,0,0
2024-02-19,cuentos,0,0
2024-02-19,manga,0,0
2024-02-19,novela,0,0
2024-02-20,comic,0,0
2024-02-20,cuentos,0,0
2024-02-20,manga,0,0
2024-02-20,novela,0,0
2024-02-21,comic,0,0
2024-02-21,cuentos,0,0
2024-02-21,manga,0,0
2024-02-21,novela,0,0
2024-02-22,comic,0,0
2024-02-22,cuentos,0,0
2024-02-22,manga,0,0
2024-02-22,novela,0,0
2024-02-23,comic,0,0
2024-02-23,cuentos,0,0
2024-02-23,manga,0,0
2024-02-23,novela,1,33
2024-02-24,comic,0,0
2024-02-24,cuentos,0,0
2024-02-24,manga,0,0
2024-02-24,novela,0,0
2024-02-25,comic,0,0
2024-02-25,cuentos,0,0
2024-02-25,manga,0,0
2024-02-25,novela,0,0
2024-02-26,comic,0,0
2024-02-26,cuentos,0,0
2024-02-26,manga,0,0
2024-02-26,novela,0,0
2024-02-27,comic,0,0
2024-02-27,cuentos,0,0
2024-02-27,manga,0,0
2024-02-27,novela,0,0
2024-02-28,comic,0,0
2024-02-28,cuentos,0,0
2024-02-28,manga,0,0
2024-02-28,novela,1,113
2024-02-29,comic,0,0
2024-02-29,cuentos,0,0
2024-02-29,manga,0,0
2024-02-29,novela,0,0
2024-03-01,comic,0,0
2024-03-01,cuentos,0,0
2024-03-01,manga,0,0
2024-03-01,novela,0,0
2024-03-02,comic,0,0
2024-03-02,cuentos,0,0
2024-03-02,manga,0,0
2024-03-02,novela,0,0
2024-03-03,comic,0,0
2024-03-03,cuentos,0,0
2024-03-03,manga,0,0
2024-03-03,novela,0,0
2024-03-04,comic,0,0
2024-03-04,cuentos,0,0
2024-03-04,manga,0,0
2024-03-04,novela,0,0
2024-03-05,comic,0,0
2024-03-05,cuentos,0,0
2024-03-05,manga,0,0
2024-03-05,novela,0,0
2024-03-06,comic,0,0
2024-03-06,cuentos,0,0
2024-03-06,manga,0,0
2024-03-06,novela,0,0
2024-03-07,comic,0,0
2024-03-07,cuentos,0,0
2024-03-07,manga,0,0
2024-03-07,novela,0,0
2024-03-08,comic,0,0
2024-03-08,cuentos,0,0
2024-03-08,manga,0,0
2024-03-08,novela,0,0
2024-03-09,comic,0,0
2024-03-09,cuentos,0,0
2024-03-09,manga,0,0
2024-03-09,novela,0,0
2024-03-10,comic,0,0
2024-03-10,cuentos,0,0
2024-03-10,manga,0,0
2024-03-10,novela,0,0
2024-03-11,comic,0,0
2024-03-11,cuentos,0,0
2024-03-11,manga,0,0
2024-03-11,novela,0,0
2024-03-12,comic,0,0
2024-03-12,cuentos,0,0
2024-03-12,manga,0,0
2024-03-12,novela,0,0
2024-03-13,comic,0,0
2024-03-13,cuentos,0,0
2024-03-13,manga,0,0
2024-03-13,novela,0,0
2024-03-14,comic,0,0
2024-03-14,cuentos,0,0
2024-03-14,manga,0,0
2024-03-14,novela,0,0
2024-03-15,comic,0,0
2024-03-15,cuentos,0,0
2024-03-15,manga,0,0
2024-03-15,novela,0,0
2024-03-16,comic,0,0
2024-03-16,cuentos,0,0
2024-03-16,manga,0,0
2024-03-16,novela,0,0
2024-03-17,comic,0,0
2024-03-17,cuentos,0,0
2024-03-17,manga,0,0
2024-03-17,novela,1,79
2024-03-18,comic,0,0
2024-03-18,cuentos,0,0
2024-03-18,manga,0,0
2024-03-18,novela,0,0
2024-03-19,comic,0,0
2024-03-19,cuentos,0,0
2024-03-19,manga,0,0
2024-03-19,novela,0,0
2024-03-20,comic,0,0
2024-03-20,cuentos,0,0
2024-03-20,manga,0,0
2024-03-20,novela,0,0
2024-03-21,comic,0,0
2024-03-21,cuentos,0,0
2024-03-21,manga,0,0
2024-03-21,novela,0,0
2024-03-22,comic,0,0
2024-03-22,cuentos,0,0
2024-03-22,manga,0,0
2024-03-22,novela,0,0
2024-03-23,comic,0,0
2024-03-23,cuentos,0,0
2024-03-23,manga,0,0
2024-03-23,novela,0,0
2024-03-24,comic,0,0
2024-03-24,cuentos,0,0
2024-03-24,manga,0,0
2024-03-24,novela,0,0
2024-03-25,comic,0,0
2024-03-25,cuentos,0,0
2024-03-25,manga,0,0
2024-03-25,novela,0,0
2024-03-26,comic,0,0
2024-03-26,cuentos,0,0
2024-03-26,manga,0,0
2024-03-26,novela,0,0
2024-03-27,comic,0,0
2024-03-27,cuentos,0,0
2024-03-27,manga,0,0
2024-03-27,novela,0,0
2024-03-28,comic,0,0
2024-03-28,cuentos,0,0
2024-03-28,manga,0,0
2024-03-28,novela,0,0
2024-03-29,comic,0,0
2024-03-29,cuentos,0,0
2024-03-29,manga,0,0
2024-03-29,novela,0,0
2024-03-30,comic,0,0
2024-03-30,cuentos,0,0
2024-03-30,manga,0,0
2024-03-30,novela,0,0
2024-03-31,comic,0,0
2024-03-31,cuentos,0,0
2024-03-31,manga,0,0
2024-03-31,novela,0,0
2024-04-01,comic,0,0
2024-04-01,cuentos,0,0
2024-04-01,manga,0,0
2024-04-01,novela,0,0
2024-04-02,comic,0,0
2024-04-02,cuentos,0,0
2024-04-02,manga,0,0
2024-04-02,novela,1,65
2024-04-03,comic,0,0
2024-04-03,cuentos,0,0
2024-04-03,manga,0,0
2024-04-03,novela,0,0
2024-04-04,comic,0,0
2024-04-04,cuentos,0,0
2024-04-04,manga,0,0
2024-04-04,novela,0,0
2024-04-05,comic,0,0
2024-04-05,cuentos,0,0
2024-04-05,manga,0,0
2024-04-05,novela,0,0
2024-04-06,comic,0,0
2024-04-06,cuentos,0,0
2024-04-06,manga,0,0
2024-04-06,novela,0,0
2024-04-07,comic,0,0
2024-04-07,cuentos,0,0
2024-04-07,manga,0,0
2024-04-07,novela,0,0
2024-04-08,comic,0,0
2024-04-08,cuentos,0,0
2024-04-08,manga,0,0
2024-04-08,novela,0,0
2024-04-09,comic,0,0
2024-04-09,cuentos,0,0
2024-04-09,manga,0,0
2024-04-09,novela,0,0
2024-04-10,comic,0,0
2024-04-10,cuentos,0,0
2024-04-10,manga,0,0
2024-04-10,novela,0,0
2024-04-11,comic,0,0
2024-04-11,cuentos,0,0
2024-04-11,manga,0,0
2024-04-11,novela,0,0
2024-04-12,comic,0,0
2024-04-12,cuentos,0,0
2024-04-12,manga,0,0
2024-04-12,novela,1,55
2024-04-13,comic,0,0
2024-04-13,cuentos,0,0
2024-04-13,manga,0,0
2024-04-13,novela,0,0
2024-04-14,comic,0,0
2024-04-14,cuentos,0,0
2024-04-14,manga,0,0
2024-04-14,novela,0,0
2024-04-15,comic,0,0
2024-04-15,cuentos,0,0
2024-04-15,manga,0,0
2024-04-15,novela,0,0
2024-04-16,comic,0,0
2024-04-16,cuentos,0,0
2024-04-16,manga,0,0
2024-04-16,novela,0,0
2024-04-17,comic,0,0
2024-04-17,cuentos,0,0
2024-04-17,manga,0,0
2024-04-17,novela,0,0
2024-04-18,comic,0,0
2024-04-18,cuentos,0,0
2024-04-18,manga,0,0
2024-04-18,novela,0,0
2024-04-19,comic,0,0
2024-04-19,cuentos,0,0
2024-04-19,manga,0,0
2024-04-19,novela,1,122
2024-04-20,comic,0,0
2024-04-20,cuentos,0,0
2024-04-20,manga,0,0
2024-04-20,novela,0,0
2024-04-21,comic,0,0
2024-04-21,cuentos,0,0
2024-04-21,manga,0,0
2024-04-21,novela,0,0
2024-04-22,comic,0,0
2024-04-22,cuentos,0,0
2024-04-22,manga,0,0
2024-04-22,novela,0,0
2024-04-23,comic,0,0
2024-04-23,cuentos,0,0
2024-04-23,manga,0,0
2024-04-23,novela,0,0
2024-04-24,comic,0,0
2024-04-24,cuentos,0,0
2024-04-24,manga,0,0
2024-04-24,novela,0,0
2024-04-25,comic,0,0
2024-04-25,cuentos,0,0
2024-04-25,manga,0,0
2024-04-25,novela,0,0
2024-04-26,comic,0,0
2024-04-26,cuentos,0,0
2024-04-26,manga,0,0
2024-04-26,novela,1,120
2024-04-27,comic,0,0
2024-04-27,cuentos,0,0
2024-04-27,manga,0,0
2024-04-27,novela,1,106
2024-04-28,comic,0,0
2024-04-28,cuentos,0,0
2024-04-28,manga,0,0
2024-04-28,novela,0,0
2024-04-29,comic,0,0
2024-04-29,cuentos,0,0
2024-04-29,manga,0,0
2024-04-29,novela,0,0
2024-04-30,comic,0,0
2024-04-30,cuentos,0,0
2024-04-30,manga,0,0
2024-04-30,novela,0,0
2024-05-01,comic,0,0
2024-05-01,cuentos,0,0
2024-05-01,manga,0,0
2024-05-01,novela,0,0
2024-05-02,comic,0,0
2024-05-02,cuentos,0,0
2024-05-02,manga,0,0
2024-05-02,novela,0,0
2024-05-03,comic,0,0
2024-05-03,cuentos,0,0
2024-05-03,manga,0,0
2024-05-03,novela,0,0
2024-05-04,comic,0,0
2024-05-04,cuentos,0,0
2024-05-04,manga,0,0
2024-05-04,novela,0,0
2024-05-05,comic,0,0
2024-05-05,cuentos,0,0
2024-05-05,manga,0,0
2024-05-05,novela,0,0
2024-05-06,comic,0,0
2024-05-06,cuentos,0,0
2024-05-06,manga,0,0
2024-05-06,novela,0,0
2024-05-07,comic,0,0
2024-05-07,cuentos,0,0
2024-05-07,manga,0,0
2024-05-07,novela,0,0
2024-05-08,comic,0,0
2024-05-08,cuentos,0,0
2024-05-08,manga,0,0
2024-05-08,novela,0,0
2024-05-09,comic,0,0
2024-05-09,cuentos,0,0
2024-05-09,manga,0,0
2024-05-09,novela,0,0
2024-05-10,comic,0,0
2024-05-10,cuentos,0,0
2024-05-10,manga,0,0
2024-05-10,novela,0,0
2024-05-11,comic,0,0
2024-05-11,cuentos,0,0
2024-05-11,manga,0,0
2024-05-11,novela,0,0
2024-05-12,comic,0,0
2024-05-12,cuentos,0,0
2024-05-12,manga,0,0
2024-05-12,novela,0,0
2024-05-13,comic,0,0
2024-05-13,cuentos,0,0
2024-05-13,manga,0,0
2024-05-13,novela,1,71
2024-05-14,comic,0,0
2024-05-14,cuentos,0,0
2024-05-14,manga,0,0
2024-05-14,novela,0,0
2024-05-15,comic,0,0
2024-05-15,cuentos,0,0
2024-05-15,manga,0,0
2024-05-15,novela,0,0
2024-05-16,comic,0,0
2024-05-16,cuentos,0,0
2024-05-16,manga,0,0
2024-05-16,novela,1,47
2024-05-17,comic,0,0
2024-05-17,cuentos,0,0
2024-05-17,manga,0,0
2024-05-17,novela,0,0
2024-05-18,comic,0,0
2024-05-18,cuentos,0,0
2024-05-18,manga,0,0
2024-05-18,novela,0,0
2024-05-19,comic,0,0
2024-05-19,cuentos,0,0
2024-05-19,manga,0,0
2024-05-19,novela,0,0
2024-05-20,comic,0,0
2024-05-20,cuentos,0,0
2024-05-20,manga,0,0
2024-05-20,novela,0,0
2024-05-21,comic,0,0
2024-05-21,cuentos,0,0
2024-05-21,manga,0,0
2024-05-21,novela,0,0
2024-05-22,comic,0,0
2024-05-22,cuentos,0,0
2024-05-22,manga,0,0
2024-05-22,novela,1,48
2024-05-23,comic,0,0
2024-05-23,cuentos,0,0
2024-05-23,manga,0,0
2024-05-23,novela,0,0
2024-05-24,comic,0,0
2024-05-24,cuentos,0,0
2024-05-24,manga,0,0
2024-05-24,novela,0,0
2024-05-25,comic,0,0
2024-05-25,cuentos,0,0
2024-05-25,manga,0,0
2024-05-25,novela,0,0
2024-05-26,comic,0,0
2024-05-26,cuentos,0,0
2024-05-26,manga,0,0
2024-05-26,novela,0,0
2024-05-27,comic,0,0
2024-05-27,cuentos,0,0
2024-05-27,manga,0,0
2024-05-27,novela,1,91
2024-05-28,comic,0,0
2024-05-28,cuentos,0,0
2024-05-28,manga,0,0
2024-05-28,novela,0,0
2024-05-29,comic,0,0
2024-05-29,cuentos,0,0
2024-05-29,manga,0,0
2024-05-29,novela,0,0
2024-05-30,comic,0,0
2024-05-30,cuentos,0,0
2024-05-30,manga,0,0
2024-05-30,novela,0,0
2024-05-31,comic,0,0
2024-05-31,cuentos,0,0
2024-05-31,manga,0,0
2024-05-31,novela,1,81
2024-06-01,comic,0,0
2024-06-01,cuentos,0,0
2024-06-01,manga,0,0
2024-06-01,novela,0,0
2024-06-02,comic,0,0
2024-06-02,cuentos,0,0
2024-06-02,manga,0,0
2024-06-02,novela,0,0
2024-06-03,comic,0,0
2024-06-03,cuentos,0,0
2024-06-03,manga,0,0
2024-06-03,novela,0,0
2024-06-04,comic,0,0
2024-06-04,cuentos,0,0
2024-06-04,manga,0,0
2024-06-04,novela,0,0
2024-06-05,comic,0,0
2024-06-05,cuentos,0,0
2024-06-05,manga,0,0
2024-06-05,novela,0,0
2024-06-06,comic,0,0
2024-06-06,cuentos,0,0
2024-06-06,manga,0,0
2024-06-06,novela,0,0
2024-06-07,comic,0,0
2024-06-07,cuentos,0,0
2024-06-07,manga,0,0
2024-06-07,novela,0,0
2024-06-08,comic,0,0
2024-06-08,cuentos,0,0
2024-06-08,manga,0,0
2024-06-08,novela,0,0
2024-06-09,comic,0,0
2024-06-09,cuentos,0,0
2024-06-09,manga,0,0
2024-06-09,novela,0,0
2024-06-10,comic,0,0
2024-06-10,cuentos,0,0
2024-06-10,manga,0,0
2024-06-10,novela,0,0
2024-06-11,comic,0,0
2024-06-11,cuentos,0,0
2024-06-11,manga,0,0
2024-06-11,novela,0,0
2024-06-12,comic,0,0
2024-06-12,cuentos,0,0
2024-06-12,manga,0,0
2024-06-12,novela,0,0
2024-06-13,comic,0,0
2024-06-13,cuentos,0,0
2024-06-13,manga,0,0
2024-06-13,novela,0,0
2024-06-14,comic,0,0
2024-06-14,cuentos,0,0
2024-06-14,manga,0,0
2024-06-14,novela,0,0
2024-06-15,comic,0,0
2024-06-15,cuentos,0,0
2024-06-15,manga,0,0
2024-06-15,novela,0,0
2024-06-16,comic,0,0
2024-06-16,cuentos,0,0
2024-06-16,manga,0,0
2024-06-16,novela,0,0
2024-06-17,comic,0,0
2024-06-17,cuentos,0,0
2024-06-17,manga,0,0
2024-06-17,novela,0,0
2024-06-18,comic,0,0
2024-06-18,cuentos,0,0
2024-06-18,manga,0,0
2024-06-18,novela,0,0
2024-06-19,comic,0,0
2024-06-19,cuentos,0,0
2024-06-19,manga,0,0
2024-06-19,novela,0,0
2024-06-20,comic,0,0
2024-06-20,cuentos,0,0
2024-06-20,manga,0,0
2024-06-20,novela,0,0
2024-06-21,comic,0,0
2024-06-21,cuentos,0,0
2024-06-21,manga,0,0
2024-06-21,novela,0,0
2024-06-22,comic,0,0
2024-06-22,cuentos,0,0
2024-06-22,manga,0,0
2024-06-22,novela,0,0
2024-06-23,comic,0,0
2024-06-23,cuentos,0,0
2024-06-23,manga,0,0
2024-06-23,novela,0,0
2024-06-24,comic,0,0
2024-06-24,cuentos,0,0
2024-06-24,manga,0,0
2024-06-24,novela,0,0
2024-06-25,comic,0,0
2024-06-25,cuentos,0,0
2024-06-25,manga,0,0
2024-06-25,novela,0,0
2024-06-26,comic,0,0
2024-06-26,cuentos,0,0
2024-06-26,manga,0,0
2024-06-26,novela,0,0
2024-06-27,comic,0,0
2024-06-27,cuentos,0,0
2024-06-27,manga,0,0
2024-06-27,novela,0,0
2024-06-28,comic,0,0
2024-06-28,cuentos,0,0
2024-06-28,manga,0,0
2024-06-28,novela,0,0
2024-06-29,comic,0,0
2024-06-29,cuentos,0,0
2024-06-29,manga,0,0
2024-06-29,novela,0,0
2024-06-30,comic,0,0
2024-06-30,cuentos,0,0
2024-06-30,manga,0,0
2024-06-30,novela,0,0
2024-07-01,comic,0,0
2024-07-01,cuentos,0,0
2024-07-01,manga,0,0
2024-07-01,novela,0,0
2024-07-02,comic,0,0
2024-07-02,cuentos,0,0
2024-07-02,manga,0,0
2024-07-02,novela,0,0
2024-07-03,comic,0,0
2024-07-03,cuentos,0,0
2024-07-03,manga,0,0
2024-07-03,novela,1,100
2024-07-04,comic,0,0
2024-07-04,cuentos,0,0
2024-07-04,manga,0,0
2024-07-04,novela,0,0
2024-07-05,comic,0,0
2024-07-05,cuentos,0,0
2024-07-05,manga,0,0
2024-07-05,novela,0,0
2024-07-06,comic,0,0
2024-07-06,cuentos,0,0
2024-07-06,manga,0,0
2024-07-06,novela,0,0
2024-07-07,comic,0,0
2024-07-07,cuentos,0,0
2024-07-07,manga,0,0
2024-07-07,novela,0,0
2024-07-08,comic,0,0
2024-07-08,cuentos,0,0
2024-07-08,manga,0,0
2024-07-08,novela,0,0
2024-07-09,comic,0,0
2024-07-09,cuentos,0,0
2024-07-09,manga,0,0
2024-07-09,novela,0,0
2024-07-10,comic,0,0
2024-07-10,cuentos,0,0
2024-07-10,manga,0,0
2024-07-10,novela,0,0
2024-07-11,comic,0,0
2024-07-11,cuentos,0,0
2024-07-11,manga,0,0
2024-07-11,novela,0,0
2024-07-12,comic,0,0
2024-07-12,cuentos,0,0
2024-07-12,manga,0,0
2024-07-12,novela,0,0
2024-07-13,comic,0,0
2024-07-13,cuentos,0,0
2024-07-13,manga,0,0
2024-07-13,novela,1,78
2024-07-14,comic,0,0
2024-07-14,cuentos,0,0
2024-07-14,manga,0,0
2024-07-14,novela,1,52
2024-07-15,comic,0,0
2024-07-15,cuentos,0,0
2024-07-15,manga,0,0
2024-07-15,novela,0,0
2024-07-16,comic,0,0
2024-07-16,cuentos,0,0
2024-07-16,manga,0,0
2024-07-16,novela,0,0
2024-07-17,comic,0,0
2024-07-17,cuentos,0,0
2024-07-17,manga,0,0
2024-07-17,novela,0,0
2024-07-18,comic,0,0
2024-07-18,cuentos,0,0
2024-07-18,manga,0,0
2024-07-18,novela,0,0
2024-07-19,comic,0,0
2024-07-19,cuentos,0,0
2024-07-19,manga,0,0
2024-07-19,novela,1,72
2024-07-20,comic,0,0
2024-07-20,cuentos,0,0
2024-07-20,manga,0,0
2024-07-20,novela,0,0
2024-07-21,comic,0,0
2024-07-21,cuentos,0,0
2024-07-21,manga,0,0
2024-07-21,novela,0,0
2024-07-22,comic,0,0
2024-07-22,cuentos,0,0
2024-07-22,manga,0,0
2024-07-22,novela,0,0
2024-07-23,comic,0,0
2024-07-23,cuentos,0,0
2024-07-23,manga,0,0
2024-07-23,novela,0,0
2024-07-24,comic,0,0
2024-07-24,cuentos,0,0
2024-07-24,manga,0,0
2024-07-24,novela,0,0
2024-07-25,comic,0,0
2024-07-25,cuentos,0,0
2024-07-25,manga,0,0
2024-07-25,novela,1,40
2024-07-26,comic,0,0
2024-07-26,cuentos,0,0
2024-07-26,manga,0,0
2024-07-26,novela,1,106
2024-07-27,comic,0,0
2024-07-27,cuentos,0,0
2024-07-27,manga,0,0
2024-07-27,novela,1,45
2024-07-28,comic,0,0
2024-07-28,cuentos,0,0
2024-07-28,manga,0,0
2024-07-28,novela,1,115
2024-07-29,comic,0,0
2024-07-29,cuentos,0,0
2024-07-29,manga,0,0
2024-07-29,novela,0,0
2024-07-30,comic,0,0
2024-07-30,cuentos,0,0
2024-07-30,manga,0,0
2024-07-30,novela,1,72
2024-07-31,comic,0,0
2024-07-31,cuentos,0,0
2024-07-31,manga,0,0
2024-07-31,novela,0,0
2024-08-01,comic,0,0
2024-08-01,cuentos,0,0
2024-08-01,manga,0,0
2024-08-01,novela,0,0
2024-08-02,comic,0,0
2024-08-02,cuentos,0,0
2024-08-02,manga,0,0
2024-08-02,novela,0,0
2024-08-03,comic,0,0
2024-08-03,cuentos,0,0
2024-08-03,manga,0,0
2024-08-03,novela,0,0
2024-08-04,comic,0,0
2024-08-04,cuentos,0,0
2024-08-04,manga,0,0
2024-08-04,novela,0,0
2024-08-05,comic,0,0
2024-08-05,cuentos,0,0
2024-08-05,manga,0,0
2024-08-05,novela,0,0
2024-08-06,comic,0,0
2024-08-06,cuentos,0,0
2024-08-06,manga,0,0
2024-08-06,novela,0,0
2024-08-07,comic,0,0
2024-08-07,cuentos,0,0
2024-08-07,manga,0,0
2024-08-07,novela,1,79
2024-08-08,comic,0,0
2024-08-08,cuentos,0,0
2024-08-08,manga,0,0
2024-08-08,novela,0,0
2024-08-09,comic,0,0
2024-08-09,cuentos,0,0
2024-08-09,manga,0,0
2024-08-09,novela,0,0
2024-08-10,comic,0,0
2024-08-10,cuentos,0,0
2024-08-10,manga,0,0
2024-08-10,novela,0,0
2024-08-11,comic,0,0
2024-08-11,cuentos,0,0
2024-08-11,manga,0,0
2024-08-11,novela,0,0
2024-08-12,comic,0,0
2024-08-12,cuentos,0,0
2024-08-12,manga,0,0
2024-08-12,novela,0,0
2024-08-13,comic,0,0
2024-08-13,cuentos,0,0
2024-08-13,manga,0,0
2024-08-13,novela,0,0
2024-08-14,comic,0,0
2024-08-14,cuentos,0,0
2024-08-14,manga,0,0
2024-08-14,novela,0,0
2024-08-15,comic,0,0
2024-08-15,cuentos,0,0
2024-08-15,manga,0,0
2024-08-15,novela,0,0
2024-08-16,comic,0,0
2024-08-16,cuentos,0,0
2024-08-16,manga,0,0
2024-08-16,novela,0,0
2024-08-17,comic,0,0
2024-08-17,cuentos,0,0
2024-08-17,manga,0,0
2024-08-17,novela,0,0
2024-08-18,comic,0,0
2024-08-18,cuentos,0,0
2024-08-18,manga,0,0
2024-08-18,novela,0,0
2024-08-19,comic,0,0
2024-08-19,cuentos,0,0
2024-08-19,manga,0,0
2024-08-19,novela,0,0
2024-08-20,comic,0,0
2024-08-20,cuentos,0,0
2024-08-20,manga,0,0
2024-08-20,novela,0,0
2024-08-21,comic,0,0
2024-08-21,cuentos,0,0
2024-08-21,manga,0,0
2024-08-21,novela,0,0
2024-08-22,comic,0,0
2024-08-22,cuentos,0,0
2024-08-22,manga,0,0
2024-08-22,novela,0,0
2024-08-23,comic,0,0
2024-08-23,cuentos,0,0
2024-08-23,manga,0,0
2024-08-23,novela,0,0
2024-08-24,comic,0,0
2024-08-24,cuentos,0,0
2024-08-24,manga,0,0
2024-08-24,novela,0,0
2024-08-25,comic,0,0
2024-08-25,cuentos,0,0
2024-08-25,manga,0,0
2024-08-25,novela,0,0
2024-08-26,comic,0,0
2024-08-26,cuentos,0,0
2024-08-26,manga,0,0
2024-08-26,novela,0,0
2024-08-27,comic,0,0
2024-08-27,cuentos,0,0
2024-08-27,manga,0,0
2024-08-27,novela,0,0
2024-08-28,comic,0,0
2024-08-28,cuentos,0,0
2024-08-28,manga,0,0
2024-08-28,novela,0,0
2024-08-29,comic,0,0
2024-08-29,cuentos,0,0
2024-08-29,manga,0,0
2024-08-29,novela,0,0
2024-08-30,comic,0,0
2024-08-30,cuentos,0,0
2024-08-30,manga,0,0
2024-08-30,novela,0,0
2024-08-31,comic,0,0
2024-08-31,cuentos,0,0
2024-08-31,manga,0,0
2024-08-31,novela,0,0
2024-09-01,comic,0,0
2024-09-01,cuentos,0,0
2024-09-01,manga,0,0
2024-09-01,novela,0,0
2024-09-02,comic,0,0
2024-09-02,cuentos,0,0
2024-09-02,manga,0,0
2024-09-02,novela,0,0
2024-09-03,comic,0,0
2024-09-03,cuentos,0,0
2024-09-03,manga,0,0
2024-09-03,novela,0,0
2024-09-04,comic,0,0
2024-09-04,cuentos,0,0
2024-09-04,manga,0,0
2024-09-04,novela,0,0
2024-09-05,comic,0,0
2024-09-05,cuentos,0,0
2024-09-05,manga,0,0
2024-09-05,novela,0,0
2024-09-06,comic,0,0
2024-09-06,cuentos,0,0
2024-09-06,manga,0,0
2024-09-06,novela,0,0
2024-09-07,comic,0,0
2024-09-07,cuentos,0,0
2024-09-07,manga,0,0
2024-09-07,novela,0,0
2024-09-08,comic,0,0
2024-09-08,cuentos,0,0
2024-09-08,manga,0,0
2024-09-08,novela,0,0
2024-09-09,comic,0,0
2024-09-09,cuentos,0,0
2024-09-09,manga,0,0
2024-09-09,novela,0,0
2024-09-10,comic,0,0
2024-09-10,cuentos,0,0
2024-09-10,manga,0,0
2024-09-10,novela,0,0
2024-09-11,comic,0,0
2024-09-11,cuentos,0,0
2024-09-11,manga,0,0
2024-09-11,novela,0,0
2024-09-12,comic,0,0
2024-09-12,cuentos,0,0
2024-09-12,manga,0,0
2024-09-12,novela,0,0
2024-09-13,comic,0,0
2024-09-13,cuentos,0,0
2024-09-13,manga,0,0
2024-09-13,novela,0,0
2024-09-14,comic,0,0
2024-09-14,cuentos,0,0
2024-09-14,manga,0,0
2024-09-14,novela,0,0
2024-09-15,comic,0,0
2024-09-15,cuentos,0,0
2024-09-15,manga,0,0
2024-09-15,novela,0,0
2024-09-16,comic,0,0
2024-09-16,cuentos,0,0
2024-09-16,manga,0,0
2024-09-16,novela,0,0
2024-09-17,comic,0,0
2024-09-17,cuentos,0,0
2024-09-17,manga,0,0
2024-09-17,novela,0,0
2024-09-18,comic,0,0
2024-09-18,cuentos,0,0
2024-09-18,manga,0,0
2024-09-18,novela,0,0
2024-09-19,comic,0,0
2024-09-19,cuentos,0,0
2024-09-19,manga,0,0
2024-09-19,novela,0,0
2024-09-20,comic,0,0
2024-09-20,cuentos,0,0
2024-09-20,manga,0,0
2024-09-20,novela,0,0
2024-09-21,comic,0,0
2024-09-21,cuentos,0,0
2024-09-21,manga,0,0
2024-09-21,novela,0,0
2024-09-22,comic,0,0
2024-09-22,cuentos,0,0
2024-09-22,manga,0,0
2024-09-22,novela,0,0
2024-09-23,comic,0,0
2024-09-23,cuentos,0,0
2024-09-23,manga,0,0
2024-09-23,novela,0,0
2024-09-24,comic,0,0
2024-09-24,cuentos,0,0
2024-09-24,manga,0,0
2024-09-24,novela,0,0
2024-09-25,comic,0,0
2024-09-25,cuentos,0,0
2024-09-25,manga,0,0
2024-09-25,novela,0,0
2024-09-26,comic,0,0
2024-09-26,cuentos,0,0
2024-09-26,manga,0,0
2024-09-26,novela,0,0
2024-09-27,comic,0,0
2024-09-27,cuentos,0,0
2024-09-27,manga,0,0
2024-09-27,novela,0,0
2024-09-28,comic,0,0
2024-09-28,cuentos,0,0
2024-09-28,manga,0,0
2024-09-28,novela,0,0
2024-09-29,comic,0,0
2024-09-29,cuentos,0,0
2024-09-29,manga,0,0
2024-09-29,novela,0,0
2024-09-30,comic,0,0
2024-09-30,cuentos,0,0
2024-09-30,manga,0,0
2024-09-30,novela,0,0
2024-10-01,comic,0,0
2024-10-01,cuentos,0,0
2024-10-01,manga,0,0
2024-10-01,novela,0,0
2024-10-02,comic,0,0
2024-10-02,cuentos,0,0
2024-10-02,manga,0,0
2024-10-02,novela,0,0
2024-10-03,comic,0,0
2024-10-03,cuentos,0,0
2024-10-03,manga,0,0
2024-10-03,novela,0,0
2024-10-04,comic,0,0
2024-10-04,cuentos,0,0
2024-10-04,manga,0,0
2024-10-04,novela,0,0
2024-10-05,comic,0,0
2024-10-05,cuentos,0,0
2024-10-05,manga,0,0
2024-10-05,novela,0,0
2024-10-06,comic,0,0
2024-10-06,cuentos,0,0
2024-10-06,manga,0,0
2024-10-06,novela,0,0
2024-10-07,comic,0,0
2024-10-07,cuentos,0,0
2024-10-07,manga,0,0
2024-10-07,novela,0,0
2024-10-08,comic,0,0
2024-10-08,cuentos,0,0
2024-10-08,manga,0,0
2024-10-08,novela,0,0
2024-10-09,comic,0,0
2024-10-09,cuentos,0,0
2024-10-09,manga,0,0
2024-10-09,novela,0,0
2024-10-10,comic,0,0
2024-10-10,cuentos,0,0
2024-10-10,manga,0,0
2024-10-10,novela,0,0
2024-10-11,comic,0,0
2024-10-11,cuentos,0,0
2024-10-11,manga,0,0
2024-10-11,novela,0,0
2024-10-12,comic,0,0
2024-10-12,cuentos,0,0
2024-10-12,manga,0,0
2024-10-12,novela,0,0
2024-10-13,comic,0,0
2024-10-13,cuentos,0,0
2024-10-13,manga,0,0
2024-10-13,novela,0,0
2024-10-14,comic,0,0
2024-10-14,cuentos,0,0
2024-10-14,manga,0,0
2024-10-14,novela,0,0
2024-10-15,comic,0,0
2024-10-15,cuentos,0,0
2024-10-15,manga,0,0
2024-10-15,novela,0,0
2024-10-16,comic,0,0
2024-10-16,cuentos,0,0
2024-10-16,manga,0,0
2024-10-16,novela,0,0
2024-10-17,comic,0,0
2024-10-17,cuentos,0,0
2024-10-17,manga,0,0
2024-10-17,novela,0,0
2024-10-18,comic,0,0
2024-10-18,cuentos,0,0
2024-10-18,manga,0,0
2024-10-18,novela,0,0
2024-10-19,comic,0,0
2024-10-19,cuentos,0,0
2024-10-19,manga,1,33
2024-10-19,novela,0,0
2024-10-20,comic,0,0
2024-10-20,cuentos,0,0
2024-10-20,manga,0,0
2024-10-20,novela,0,0
2024-10-21,comic,0,0
2024-10-21,cuentos,0,0
2024-10-21,manga,0,0
2024-10-21,novela,0,0
2024-10-22,comic,0,0
2024-10-22,cuentos,0,0
2024-10-22,manga,0,0
2024-10-22,novela,0,0
2024-10-23,comic,0,0
2024-10-23,cuentos,0,0
2024-10-23,manga,0,0
2024-10-23,novela,0,0
2024-10-24,comic,0,0
2024-10-24,cuentos,0,0
2024-10-24,manga,0,0
2024-10-24,novela,0,0
2024-10-25,comic,0,0
2024-10-25,cuentos,0,0
2024-10-25,manga,0,0
2024-10-25,novela,0,0
2024-10-26,comic,0,0
2024-10-26,cuentos,0,0
2024-10-26,manga,0,0
2024-10-26,novela,0,0
2024-10-27,comic,0,0
2024-10-27,cuentos,0,0
2024-10-27,manga,0,0
2024-10-27,novela,0,0
2024-10-28,comic,0,0
2024-10-28,cuentos,0,0
2024-10-28,manga,0,0
2024-10-28,novela,0,0
2024-10-29,comic,0,0
2024-10-29,cuentos,0,0
2024-10-29,manga,0,0
2024-10-29,novela,0,0
2024-10-30,comic,0,0
2024-10-30,cuentos,0,0
2024-10-30,manga,0,0
2024-10-30,novela,0,0
2024-10-31,comic,0,0
2024-10-31,cuentos,0,0
2024-10-31,manga,0,0
2024-10-31,novela,0,0
2024-11-01,comic,0,0
2024-11-01,cuentos,0,0
2024-11-01,manga,0,0
2024-11-01,novela,0,0
2024-11-02,comic,0,0
2024-11-02,cuentos,0,0
2024-11-02,manga,0,0
2024-11-02,novela,0,0
2024-11-03,comic,0,0
2024-11-03,cuentos,0,0
2024-11-03,manga,0,0
2024-11-03,novela,0,0
2024-11-04,comic,0,0
2024-11-04,cuentos,0,0
2024-11-04,manga,0,0
2024-11-04,novela,0,0
2024-11-05,comic,0,0
2024-11-05,cuentos,0,0
2024-11-05,manga,0,0
2024-11-05,novela,1,2
2024-11-06,comic,0,0
2024-11-06,cuentos,0,0
2024-11-06,manga,0,0
2024-11-06,novela,0,0
2024-11-07,comic,0,0
2024-11-07,cuentos,0,0
2024-11-07,manga,0,0
2024-11-07,novela,0,0
2024-11-08,comic,0,0
2024-11-08,cuentos,0,0
2024-11-08,manga,0,0
2024-11-08,novela,0,0
2024-11-09,comic,0,0
2024-11-09,cuentos,0,0
2024-11-09,manga,0,0
2024-11-09,novela,0,0
2024-11-10,comic,0,0
2024-11-10,cuentos,0,0
2024-11-10,manga,0,0
2024-11-10,novela,0,0
2024-11-11,comic,0,0
2024-11-11,cuentos,0,0
2024-11-11,manga,0,0
2024-11-11,novela,0,0
2024-11-12,comic,0,0
2024-11-12,cuentos,0,0
2024-11-12,manga,0,0
2024-11-12,novela,0,0
2024-11-13,comic,0,0
2024-11-13,cuentos,0,0
2024-11-13,manga,1,31
2024-11-13,novela,0,0
2024-11-14,comic,0,0
2024-11-14,cuentos,0,0
2024-11-14,manga,1,28
2024-11-14,novela,0,0
2024-11-15,comic,0,0
2024-11-15,cuentos,0,0
2024-11-15,manga,0,0
2024-11-15,novela,0,0
2024-11-16,comic,0,0
2024-11-16,cuentos,0,0
2024-11-16,manga,0,0
2024-11-16,novela,0,0
2024-11-17,comic,0,0
2024-11-17,cuentos,0,0
2024-11-17,manga,0,0
2024-11-17,novela,0,0
2024-11-18,comic,0,0
2024-11-18,cuentos,0,0
2024-11-18,manga,0,0
2024-11-18,novela,0,0
2024-11-19,comic,0,0
2024-11-19,cuentos,0,0
2024-11-19,manga,0,0
2024-11-19,novela,0,0
2024-11-20,comic,0,0
2024-11-20,cuentos,0,0
2024-11-20,manga,0,0
2024-11-20,novela,0,0
2024-11-21,comic,0,0
2024-11-21,cuentos,0,0
2024-11-21,manga,0,0
2024-11-21,novela,0,0
2024-11-22,comic,0,0
2024-11-22,cuentos,0,0
2024-11-22,manga,0,0
2024-11-22,novela,0,0
2024-11-23,comic,0,0
2024-11-23,cuentos,0,0
2024-11-23,manga,0,0
2024-11-23,novela,0,0
2024-11-24,comic,0,0
2024-11-24,cuentos,0,0
2024-11-24,manga,0,0
2024-11-24,novela,0,0
2024-11-25,comic,0,0
2024-11-25,cuentos,0,0
2024-11-25,manga,0,0
2024-11-25,novela,0,0
2024-11-26,comic,0,0
2024-11-26,cuentos,0,0
2024-11-26,manga,0,0
2024-11-26,novela,0,0
2024-11-27,comic,0,0
2024-11-27,cuentos,0,0
2024-11-27,manga,0,0
2024-11-27,novela,0,0
2024-11-28,comic,0,0
2024-11-28,cuentos,0,0
2024-11-28,manga,0,0
2024-11-28,novela,0,0
2024-11-29,comic,0,0
2024-11-29,cuentos,0,0
2024-11-29,manga,0,0
2024-11-29,novela,0,0
2024-11-30,comic,0,0
2024-11-30,cuentos,0,0
2024-11-30,manga,0,0
2024-11-30,novela,0,0
2024-12-01,comic,0,0
2024-12-01,cuentos,0,0
2024-12-01,manga,0,0
2024-12-01,novela,0,0
2024-12-02,comic,0,0
2024-12-02,cuentos,0,0
2024-12-02,manga,0,0
2024-12-02,novela,0,0
2024-12-03,comic,0,0
2024-12-03,cuentos,0,0
2024-12-03,manga,0,0
2024-12-03,novela,0,0
2024-12-04,comic,0,0
2024-12-04,cuentos,0,0
2024-12-04,manga,0,0
2024-12-04,novela,0,0
2024-12-05,comic,0,0
2024-12-05,cuentos,0,0
2024-12-05,manga,0,0
2024-12-05,novela,0,0
2024-12-06,comic,0,0
2024-12-06,cuentos,0,0
2024-12-06,manga,0,0
2024-12-06,novela,0,0
2024-12-07,comic,0,0
2024-12-07,cuentos,0,0
2024-12-07,manga,0,0
2024-12-07,novela,0,0
2024-12-08,comic,0,0
2024-12-08,cuentos,0,0
2024-12-08,manga,0,0
2024-12-08,novela,0,0
2024-12-09,comic,0,0
2024-12-09,cuentos,0,0
2024-12-09,manga,0,0
2024-12-09,novela,0,0
2024-12-10,comic,0,0
2024-12-10,cuentos,0,0
2024-12-10,manga,0,0
2024-12-10,novela,0,0
2024-12-11,comic,0,0
2024-12-11,cuentos,0,0
2024-12-11,manga,0,0
2024-12-11,novela,0,0
2024-12-12,comic,0,0
2024-12-12,cuentos,0,0
2024-12-12,manga,0,0
2024-12-12,novela,0,0
2024-12-13,comic,0,0
2024-12-13,cuentos,0,0
2024-12-13,manga,0,0
2024-12-13,novela,0,0
2024-12-14,comic,0,0
2024-12-14,cuentos,0,0
2024-12-14,manga,0,0
2024-12-14,novela,0,0
2024-12-15,comic,0,0
2024-12-15,cuentos,0,0
2024-12-15,manga,0,0
2024-12-15,novela,0,0
2024-12-16,comic,0,0
2024-12-16,cuentos,0,0
2024-12-16,manga,0,0
2024-12-16,novela,0,0
2024-12-17,comic,0,0
2024-12-17,cuentos,0,0
2024-12-17,manga,0,0
2024-12-17,novela,0,0
2024-12-18,comic,0,0
2024-12-18,cuentos,0,0
2024-12-18,manga,0,0
2024-12-18,novela,0,0
2024-12-19,comic,0,0
2024-12-19,cuentos,0,0
2024-12-19,manga,0,0
2024-12-19,novela,0,0
2024-12-20,comic,0,0
2024-12-20,cuentos,0,0
2024-12-20,manga,0,0
2024-12-20,novela,0,0
2024-12-21,comic,0,0
2024-12-21,cuentos,0,0
2024-12-21,manga,0,0
2024-12-21,novela,0,0
2024-12-22,comic,0,0
2024-12-22,cuentos,0,0
2024-12-22,manga,0,0
2024-12-22,novela,0,0
2024-12-23,comic,0,0
2024-12-23,cuentos,0,0
2024-12-23,manga,0,0
2024-12-23,novela,0,0
2024-12-24,comic,0,0
2024-12-24,cuentos,0,0
2024-12-24,manga,0,0
2024-12-24,novela,0,0
2024-12-25,comic,0,0
2024-12-25,cuentos,0,0
2024-12-25,manga,0,0
2024-12-25,novela,0,0
2024-12-26,comic,0,0
2024-12-26,cuentos,0,0
2024-12-26,manga,0,0
2024-12-26,novela,0,0
2024-12-27,comic,0,0
2024-12-27,cuentos,0,0
2024-12-27,manga,0,0
2024-12-27,novela,0,0
2024-12-28,comic,0,0
2024-12-28,cuentos,0,0
2024-12-28,manga,0,0
2024-12-28,novela,0,0
2024-12-29,comic,0,0
2024-12-29,cuentos,0,0
2024-12-29,manga,0,0
2024-12-29,novela,0,0
2024-12-30,comic,0,0
2024-12-30,cuentos,0,0
2024-12-30,manga,0,0
2024-12-30,novela,0,0
2024-12-31,comic,0,0
2024-12-31,cuentos,0,0
2024-12-31,manga,0,0
2024-12-31,novela,0,0
2025-01-01,comic,0,0
2025-01-01,cuentos,0,0
2025-01-01,manga,0,0
2025-01-01,novela,0,0
2025-01-02,comic,0,0
2025-01-02,cuentos,0,0
2025-01-02,manga,0,0
2025-01-02,novela,0,0
2025-01-03,comic,0,0
2025-01-03,cuentos,0,0
2025-01-03,manga,0,0
2025-01-03,novela,0,0
2025-01-04,comic,0,0
2025-01-04,cuentos,0,0
2025-01-04,manga,0,0
2025-01-04,novela,0,0
2025-01-05,comic,0,0
2025-01-05,cuentos,0,0
2025-01-05,manga,0,0
2025-01-05,novela,1,94
2025-01-06,comic,0,0
2025-01-06,cuentos,0,0
2025-01-06,manga,0,0
2025-01-06,novela,0,0
2025-01-07,comic,0,0
2025-01-07,cuentos,0,0
2025-01-07,manga,0,0
2025-01-07,novela,0,0
2025-01-08,comic,0,0
2025-01-08,cuentos,0,0
2025-01-08,manga,0,0
2025-01-08,novela,0,0
2025-01-09,comic,0,0
2025-01-09,cuentos,0,0
2025-01-09,manga,0,0
2025-01-09,novela,0,0
2025-01-10,comic,0,0
2025-01-10,cuentos,0,0
2025-01-10,manga,0,0
2025-01-10,novela,0,0
2025-01-11,comic,0,0
2025-01-11,cuentos,0,0
2025-01-11,manga,0,0
2025-01-11,novela,0,0
2025-01-12,comic,0,0
2025-01-12,cuentos,0,0
2025-01-12,manga,0,0
2025-01-12,novela,0,0
2025-01-13,comic,0,0
2025-01-13,cuentos,0,0
2025-01-13,manga,0,0
2025-01-13,novela,1,103
2025-01-14,comic,0,0
2025-01-14,cuentos,0,0
2025-01-14,manga,0,0
2025-01-14,novela,1,114
2025-01-15,comic,0,0
2025-01-15,cuentos,0,0
2025-01-15,manga,0,0
2025-01-15,novela,0,0
2025-01-16,comic,0,0
2025-01-16,cuentos,0,0
2025-01-16,manga,0,0
2025-01-16,novela,0,0
2025-01-17,comic,0,0
2025-01-17,cuentos,0,0
2025-01-17,manga,0,0
2025-01-17,novela,0,0
2025-01-18,comic,0,0
2025-01-18,cuentos,0,0
2025-01-18,manga,0,0
2025-01-18,novela,0,0
2025-01-19,comic,0,0
2025-01-19,cuentos,0,0
2025-01-19,manga,0,0
2025-01-19,novela,0,0
2025-01-20,comic,0,0
2025-01-20,cuentos,0,0
2025-01-20,manga,0,0
2025-01-20,novela,1,69
2025-01-21,comic,0,0
2025-01-21,cuentos,0,0
2025-01-21,manga,0,0
2025-01-21,novela,0,0
2025-01-22,comic,0,0
2025-01-22,cuentos,0,0
2025-01-22,manga,0,0
2025-01-22,novela,1,83
2025-01-23,comic,0,0
2025-01-23,cuentos,0,0
2025-01-23,manga,0,0
2025-01-23,novela,0,0
2025-01-24,comic,0,0
2025-01-24,cuentos,0,0
2025-01-24,manga,0,0
2025-01-24,novela,0,0
2025-01-25,comic,0,0
2025-01-25,cuentos,0,0
2025-01-25,manga,0,0
2025-01-25,novela,0,0
2025-01-26,comic,0,0
2025-01-26,cuentos,0,0
2025-01-26,manga,0,0
2025-01-26,novela,0,0
2025-01-27,comic,0,0
2025-01-27,cuentos,0,0
2025-01-27,manga,0,0
2025-01-27,novela,0,0
2025-01-28,comic,0,0
2025-01-28,cuentos,0,0
2025-01-28,manga,0,0
2025-01-28,novela,1,99
2025-01-29,comic,0,0
2025-01-29,cuentos,0,0
2025-01-29,manga,0,0
2025-01-29,novela,0,0
2025-01-30,comic,0,0
2025-01-30,cuentos,0,0
2025-01-30,manga,0,0
2025-01-30,novela,0,0
2025-01-31,comic,0,0
2025-01-31,cuentos,0,0
2025-01-31,manga,1,25
2025-01-31,novela,0,0
2025-02-01,comic,0,0
2025-02-01,cuentos,0,0
2025-02-01,manga,0,0
2025-02-01,novela,0,0
2025-02-02,comic,0,0
2025-02-02,cuentos,0,0
2025-02-02,manga,0,0
2025-02-02,novela,0,0
2025-02-03,comic,0,0
2025-02-03,cuentos,0,0
2025-02-03,manga,0,0
2025-02-03,novela,0,0
2025-02-04,comic,0,0
2025-02-04,cuentos,0,0
2025-02-04,manga,0,0
2025-02-04,novela,0,0
2025-02-05,comic,0,0
2025-02-05,cuentos,0,0
2025-02-05,manga,0,0
2025-02-05,novela,0,0
2025-02-06,comic,0,0
2025-02-06,cuentos,0,0
2025-02-06,manga,0,0
2025-02-06,novela,0,0
2025-02-07,comic,0,0
2025-02-07,cuentos,0,0
2025-02-07,manga,0,0
2025-02-07,novela,0,0
2025-02-08,comic,0,0
2025-02-08,cuentos,0,0
2025-02-08,manga,0,0
2025-02-08,novela,0,0
2025-02-09,comic,0,0
2025-02-09,cuentos,0,0
2025-02-09,manga,0,0
2025-02-09,novela,0,0
2025-02-10,comic,0,0
2025-02-10,cuentos,0,0
2025-02-10,manga,0,0
2025-02-10,novela,0,0
2025-02-11,comic,1,15
2025-02-11,cuentos,0,0
2025-02-11,manga,0,0
2025-02-11,novela,0,0
2025-02-12,comic,0,0
2025-02-12,cuentos,0,0
2025-02-12,manga,0,0
2025-02-12,novela,1,132
2025-02-13,comic,0,0
2025-02-13,cuentos,0,0
2025-02-13,manga,0,0
2025-02-13,novela,0,0
2025-02-14,comic,0,0
2025-02-14,cuentos,0,0
2025-02-14,manga,0,0
2025-02-14,novela,0,0
2025-02-15,comic,0,0
2025-02-15,cuentos,0,0
2025-02-15,manga,0,0
2025-02-15,novela,0,0
2025-02-16,comic,0,0
2025-02-16,cuentos,0,0
2025-02-16,manga,0,0
2025-02-16,novela,0,0
2025-02-17,comic,0,0
2025-02-17,cuentos,0,0
2025-02-17,manga,0,0
2025-02-17,novela,0,0
2025-02-18,comic,0,0
2025-02-18,cuentos,0,0
2025-02-18,manga,0,0
2025-02-18,novela,0,0
2025-02-19,comic,0,0
2025-02-19,cuentos,0,0
2025-02-19,manga,0,0
2025-02-19,novela,0,0
2025-02-20,comic,0,0
2025-02-20,cuentos,0,0
2025-02-20,manga,0,0
2025-02-20,novela,0,0
2025-02-21,comic,0,0
2025-02-21,cuentos,0,0
2025-02-21,manga,0,0
2025-02-21,novela,0,0
2025-02-22,comic,0,0
2025-02-22,cuentos,0,0
2025-02-22,manga,0,0
2025-02-22,novela,0,0
2025-02-23,comic,0,0
2025-02-23,cuentos,0,0
2025-02-23,manga,0,0
2025-02-23,novela,0,0
2025-02-24,comic,0,0
2025-02-24,cuentos,0,0
2025-02-24,manga,0,0
2025-02-24,novela,0,0
2025-02-25,comic,0,0
2025-02-25,cuentos,0,0
2025-02-25,manga,0,0
2025-02-25,novela,0,0
2025-02-26,comic,0,0
2025-02-26,cuentos,0,0
2025-02-26,manga,0,0
2025-02-26,novela,0,0
2025-02-27,comic,0,0
2025-02-27,cuentos,0,0
2025-02-27,manga,0,0
2025-02-27,novela,0,0
2025-02-28,comic,0,0
2025-02-28,cuentos,0,0
2025-02-28,manga,0,0
2025-02-28,novela,0,0
2025-03-01,comic,0,0
2025-03-01,cuentos,0,0
2025-03-01,manga,0,0
2025-03-01,novela,0,0
2025-03-02,comic,0,0
2025-03-02,cuentos,0,0
2025-03-02,manga,0,0
2025-03-02,novela,0,0
2025-03-03,comic,1,22
2025-03-03,cuentos,0,0
2025-03-03,manga,0,0
2025-03-03,novela,0,0
2025-03-04,comic,0,0
2025-03-04,cuentos,0,0
2025-03-04,manga,0,0
2025-03-04,novela,0,0
2025-03-05,comic,0,0
2025-03-05,cuentos,0,0
2025-03-05,manga,0,0
2025-03-05,novela,0,0
2025-03-06,comic,0,0
2025-03-06,cuentos,0,0
2025-03-06,manga,0,0
2025-03-06,novela,0,0
2025-03-07,comic,0,0
2025-03-07,cuentos,0,0
2025-03-07,manga,0,0
2025-03-07,novela,0,0
2025-03-08,comic,0,0
2025-03-08,cuentos,0,0
2025-03-08,manga,0,0
2025-03-08,novela,0,0
2025-03-09,comic,0,0
2025-03-09,cuentos,0,0
2025-03-09,manga,0,0
2025-03-09,novela,0,0
2025-03-10,comic,0,0
2025-03-10,cuentos,0,0
2025-03-10,manga,0,0
2025-03-10,novela,0,0
2025-03-11,comic,0,0
2025-03-11,cuentos,0,0
2025-03-11,manga,0,0
2025-03-11,novela,0,0
2025-03-12,comic,1,40
2025-03-12,cuentos,0,0
2025-03-12,manga,0,0
2025-03-12,novela,0,0
2025-03-13,comic,0,0
2025-03-13,cuentos,0,0
2025-03-13,manga,0,0
2025-03-13,novela,0,0
2025-03-14,comic,0,0
2025-03-14,cuentos,0,0
2025-03-14,manga,0,0
2025-03-14,novela,0,0
2025-03-15,comic,0,0
2025-03-15,cuentos,0,0
2025-03-15,manga,0,0
2025-03-15,novela,0,0
2025-03-16,comic,0,0
2025-03-16,cuentos,0,0
2025-03-16,manga,0,0
2025-03-16,novela,0,0
2025-03-17,comic,0,0
2025-03-17,cuentos,0,0
2025-03-17,manga,0,0
2025-03-17,novela,0,0
2025-03-18,comic,0,0
2025-03-18,cuentos,0,0
2025-03-18,manga,0,0
2025-03-18,novela,0,0
2025-03-19,comic,0,0
2025-03-19,cuentos,0,0
2025-03-19,manga,0,0
2025-03-19,novela,0,0
2025-03-20,comic,0,0
2025-03-20,cuentos,0,0
2025-03-20,manga,0,0
2025-03-20,novela,0,0
2025-03-21,comic,0,0
2025-03-21,cuentos,0,0
2025-03-21,manga,0,0
2025-03-21,novela,0,0
2025-03-22,comic,0,0
2025-03-22,cuentos,0,0
2025-03-22,manga,0,0
2025-03-22,novela,0,0
2025-03-23,comic,1,36
2025-03-23,cuentos,0,0
2025-03-23,manga,0,0
2025-03-23,novela,0,0
2025-03-24,comic,0,0
2025-03-24,cuentos,0,0
2025-03-24,manga,0,0
2025-03-24,novela,0,0
2025-03-25,comic,0,0
2025-03-25,cuentos,0,0
2025-03-25,manga,0,0
2025-03-25,novela,0,0
2025-03-26,comic,0,0
2025-03-26,cuentos,0,0
2025-03-26,manga,0,0
2025-03-26,novela,0,0
2025-03-27,comic,0,0
2025-03-27,cuentos,0,0
2025-03-27,manga,0,0
2025-03-27,novela,0,0
2025-03-28,comic,0,0
2025-03-28,cuentos,0,0
2025-03-28,manga,0,0
2025-03-28,novela,0,0
2025-03-29,comic,0,0
2025-03-29,cuentos,0,0
2025-03-29,manga,0,0
2025-03-29,novela,0,0
2025-03-30,comic,0,0
2025-03-30,cuentos,0,0
2025-03-30,manga,0,0
2025-03-30,novela,0,0
2025-03-31,comic,0,0
2025-03-31,cuentos,0,0
2025-03-31,manga,0,0
2025-03-31,novela,0,0
2025-04-01,comic,0,0
2025-04-01,cuentos,0,0
2025-04-01,manga,0,0
2025-04-01,novela,0,0
2025-04-02,comic,0,0
2025-04-02,cuentos,0,0
2025-04-02,manga,0,0
2025-04-02,novela,0,0
2025-04-03,comic,0,0
2025-04-03,cuentos,0,0
2025-04-03,manga,0,0
2025-04-03,novela,0,0
2025-04-04,comic,0,0
2025-04-04,cuentos,0,0
2025-04-04,manga,0,0
2025-04-04,novela,0,0
2025-04-05,comic,0,0
2025-04-05,cuentos,0,0
2025-04-05,manga,0,0
2025-04-05,novela,0,0
2025-04-06,comic,1,38
2025-04-06,cuentos,0,0
2025-04-06,manga,0,0
2025-04-06,novela,0,0
2025-04-07,comic,0,0
2025-04-07,cuentos,0,0
2025-04-07,manga,0,0
2025-04-07,novela,0,0
2025-04-08,comic,0,0
2025-04-08,cuentos,0,0
2025-04-08,manga,0,0
2025-04-08,novela,0,0
2025-04-09,comic,0,0
2025-04-09,cuentos,0,0
2025-04-09,manga,0,0
2025-04-09,novela,0,0
2025-04-10,comic,0,0
2025-04-10,cuentos,0,0
2025-04-10,manga,0,0
2025-04-10,novela,0,0
2025-04-11,comic,1,13
2025-04-11,cuentos,0,0
2025-04-11,manga,0,0
2025-04-11,novela,0,0
2025-04-12,comic,0,0
2025-04-12,cuentos,0,0
2025-04-12,manga,0,0
2025-04-12,novela,0,0
2025-04-13,comic,0,0
2025-04-13,cuentos,0,0
2025-04-13,manga,0,0
2025-04-13,novela,0,0
2025-04-14,comic,0,0
2025-04-14,cuentos,0,0
2025-04-14,manga,0,0
2025-04-14,novela,0,0
2025-04-15,comic,0,0
2025-04-15,cuentos,0,0
2025-04-15,manga,0,0
2025-04-15,novela,0,0
2025-04-16,comic,0,0
2025-04-16,cuentos,0,0
2025-04-16,manga,0,0
2025-04-16,novela,0,0
2025-04-17,comic,0,0
2025-04-17,cuentos,0,0
2025-04-17,manga,0,0
2025-04-17,novela,0,0
2025-04-18,comic,0,0
2025-04-18,cuentos,0,0
2025-04-18,manga,0,0
2025-04-18,novela,0,0
2025-04-19,comic,0,0
2025-04-19,cuentos,0,0
2025-04-19,manga,0,0
2025-04-19,novela,0,0
2025-04-20,comic,1,12
2025-04-20,cuentos,0,0
2025-04-20,manga,0,0
2025-04-20,novela,0,0
2025-04-21,comic,0,0
2025-04-21,cuentos,0,0
2025-04-21,manga,0,0
2025-04-21,novela,0,0
2025-04-22,comic,0,0
2025-04-22,cuentos,0,0
2025-04-22,manga,0,0
2025-04-22,novela,0,0
2025-04-23,comic,0,0
2025-04-23,cuentos,0,0
2025-04-23,manga,0,0
2025-04-23,novela,0,0
2025-04-24,comic,0,0
2025-04-24,cuentos,0,0
2025-04-24,manga,0,0
2025-04-24,novela,0,0
2025-04-25,comic,0,0
2025-04-25,cuentos,0,0
2025-04-25,manga,0,0
2025-04-25,novela,0,0
2025-04-26,comic,0,0
2025-04-26,cuentos,0,0
2025-04-26,manga,0,0
2025-04-26,novela,0,0
2025-04-27,comic,0,0
2025-04-27,cuentos,0,0
2025-04-27,manga,0,0
2025-04-27,novela,0,0
2025-04-28,comic,0,0
2025-04-28,cuentos,0,0
2025-04-28,manga,0,0
2025-04-28,novela,0,0
2025-04-29,comic,0,0
2025-04-29,cuentos,0,0
2025-04-29,manga,0,0
2025-04-29,novela,0,0
2025-04-30,comic,0,0
2025-04-30,cuentos,0,0
2025-04-30,manga,0,0
2025-04-30,novela,0,0
2025-05-01,comic,0,0
2025-05-01,cuentos,0,0
2025-05-01,manga,0,0
2025-05-01,novela,0,0
2025-05-02,comic,0,0
2025-05-02,cuentos,0,0
2025-05-02,manga,0,0
2025-05-02,novela,0,0
2025-05-03,comic,0,0
2025-05-03,cuentos,0,0
2025-05-03,manga,0,0
2025-05-03,novela,0,0
2025-05-04,comic,0,0
2025-05-04,cuentos,0,0
2025-05-04,manga,0,0
2025-05-04,novela,0,0
2025-05-05,comic,0,0
2025-05-05,cuentos,0,0
2025-05-05,manga,0,0
2025-05-05,novela,0,0
2025-05-06,comic,0,0
2025-05-06,cuentos,0,0
2025-05-06,manga,0,0
2025-05-06,novela,0,0
2025-05-07,comic,0,0
2025-05-07,cuentos,0,0
2025-05-07,manga,0,0
2025-05-07,novela,0,0
2025-05-08,comic,0,0
2025-05-08,cuentos,0,0
2025-05-08,manga,0,0
2025-05-08,novela,0,0
2025-05-09,comic,1,8
2025-05-09,cuentos,0,0
2025-05-09,manga,0,0
2025-05-09,novela,0,0
2025-05-10,comic,0,0
2025-05-10,cuentos,0,0
2025-05-10,manga,0,0
2025-05-10,novela,0,0
2025-05-11,comic,0,0
2025-05-11,cuentos,0,0
2025-05-11,manga,0,0
2025-05-11,novela,0,0
2025-05-12,comic,0,0
2025-05-12,cuentos,0,0
2025-05-12,manga,0,0
2025-05-12,novela,0,0
2025-05-13,comic,0,0
2025-05-13,cuentos,0,0
2025-05-13,manga,0,0
2025-05-13,novela,0,0
2025-05-14,comic,0,0
2025-05-14,cuentos,0,0
2025-05-14,manga,0,0
2025-05-14,novela,0,0
2025-05-15,comic,1,13
2025-05-15,cuentos,0,0
2025-05-15,manga,0,0
2025-05-15,novela,0,0
2025-05-16,comic,0,0
2025-05-16,cuentos,0,0
2025-05-16,manga,0,0
2025-05-16,novela,0,0
2025-05-17,comic,0,0
2025-05-17,cuentos,0,0
2025-05-17,manga,0,0
2025-05-17,novela,0,0
2025-05-18,comic,0,0
2025-05-18,cuentos,0,0
2025-05-18,manga,0,0
2025-05-18,novela,0,0
2025-05-19,comic,0,0
2025-05-19,cuentos,0,0
2025-05-19,manga,0,0
2025-05-19,novela,0,0
2025-05-20,comic,0,0
2025-05-20,cuentos,0,0
2025-05-20,manga,1,34
2025-05-20,novela,0,0
2025-05-21,comic,0,0
2025-05-21,cuentos,0,0
2025-05-21,manga,0,0
2025-05-21,novela,0,0
2025-05-22,comic,0,0
2025-05-22,cuentos,0,0
2025-05-22,manga,0,0
2025-05-22,novela,0,0
2025-05-23,comic,0,0
2025-05-23,cuentos,0,0
2025-05-23,manga,0,0
2025-05-23,novela,0,0
2025-05-24,comic,0,0
2025-05-24,cuentos,0,0
2025-05-24,manga,0,0
2025-05-24,novela,0,0
2025-05-25,comic,0,0
2025-05-25,cuentos,0,0
2025-05-25,manga,0,0
2025-05-25,novela,0,0
2025-05-26,comic,0,0
2025-05-26,cuentos,0,0
2025-05-26,manga,0,0
2025-05-26,novela,0,0
2025-05-27,comic,0,0
2025-05-27,cuentos,0,0
2025-05-27,manga,0,0
2025-05-27,novela,0,0
2025-05-28,comic,0,0
2025-05-28,cuentos,0,0
2025-05-28,manga,0,0
2025-05-28,novela,0,0
2025-05-29,comic,0,0
2025-05-29,cuentos,0,0
2025-05-29,manga,0,0
2025-05-29,novela,0,0
2025-05-30,comic,0,0
2025-05-30,cuentos,0,0
2025-05-30,manga,0,0
2025-05-30,novela,0,0
2025-05-31,comic,0,0
2025-05-31,cuentos,0,0
2025-05-31,manga,0,0
2025-05-31,novela,0,0
2025-06-01,comic,0,0
2025-06-01,cuentos,0,0
2025-06-01,manga,0,0
2025-06-01,novela,0,0
2025-06-02,comic,1,25
2025-06-02,cuentos,0,0
2025-06-02,manga,0,0
2025-06-02,novela,0,0
2025-06-03,comic,0,0
2025-06-03,cuentos,0,0
2025-06-03,manga,0,0
2025-06-03,novela,0,0
2025-06-04,comic,0,0
2025-06-04,cuentos,0,0
2025-06-04,manga,0,0
2025-06-04,novela,0,0
2025-06-05,comic,0,0
2025-06-05,cuentos,0,0
2025-06-05,manga,0,0
2025-06-05,novela,0,0
2025-06-06,comic,0,0
2025-06-06,cuentos,0,0
2025-06-06,manga,0,0
2025-06-06,novela,0,0
2025-06-07,comic,0,0
2025-06-07,cuentos,0,0
2025-06-07,manga,0,0
2025-06-07,novela,0,0
2025-06-08,comic,1,13
2025-06-08,cuentos,0,0
2025-06-08,manga,0,0
2025-06-08,novela,0,0
2025-06-09,comic,0,0
2025-06-09,cuentos,0,0
2025-06-09,manga,0,0
2025-06-09,novela,0,0
2025-06-10,comic,0,0
2025-06-10,cuentos,0,0
2025-06-10,manga,0,0
2025-06-10,novela,0,0
2025-06-11,comic,0,0
2025-06-11,cuentos,0,0
2025-06-11,manga,0,0
2025-06-11,novela,0,0
2025-06-12,comic,0,0
2025-06-12,cuentos,0,0
2025-06-12,manga,0,0
2025-06-12,novela,0,0
2025-06-13,comic,0,0
2025-06-13,cuentos,0,0
2025-06-13,manga,0,0
2025-06-13,novela,0,0
2025-06-14,comic,0,0
2025-06-14,cuentos,0,0
2025-06-14,manga,0,0
2025-06-14,novela,0,0
2025-06-15,comic,0,0
2025-06-15,cuentos,0,0
2025-06-15,manga,0,0
2025-06-15,novela,0,0
2025-06-16,comic,0,0
2025-06-16,cuentos,0,0
2025-06-16,manga,0,0
2025-06-16,novela,0,0
2025-06-17,comic,0,0
2025-06-17,cuentos,0,0
2025-06-17,manga,0,0
2025-06-17,novela,0,0
2025-06-18,comic,0,0
2025-06-18,cuentos,0,0
2025-06-18,manga,0,0
2025-06-18,novela,0,0
2025-06-19,comic,0,0
2025-06-19,cuentos,0,0
2025-06-19,manga,0,0
2025-06-19,novela,0,0
2025-06-20,comic,0,0
2025-06-20,cuentos,0,0
2025-06-20,manga,0,0
2025-06-20,novela,0,0
2025-06-21,comic,0,0
2025-06-21,cuentos,0,0
2025-06-21,manga,0,0
2025-06-21,novela,0,0
2025-06-22,comic,0,0
2025-06-22,cuentos,0,0
2025-06-22,manga,0,0
2025-06-22,novela,0,0
2025-06-23,comic,0,0
2025-06-23,cuentos,0,0
2025-06-23,manga,0,0
2025-06-23,novela,0,0
2025-06-24,comic,1,9
2025-06-24,cuentos,0,0
2025-06-24,manga,0,0
2025-06-24,novela,0,0
2025-06-25,comic,0,0
2025-06-25,cuentos,0,0
2025-06-25,manga,0,0
2025-06-25,novela,0,0
2025-06-26,comic,0,0
2025-06-26,cuentos,0,0
2025-06-26,manga,0,0
2025-06-26,novela,1,95
2025-06-27,comic,0,0
2025-06-27,cuentos,0,0
2025-06-27,manga,0,0
2025-06-27,novela,0,0
2025-06-28,comic,1,30
2025-06-28,cuentos,0,0
2025-06-28,manga,0,0
2025-06-28,novela,0,0
2025-06-29,comic,0,0
2025-06-29,cuentos,0,0
2025-06-29,manga,0,0
2025-06-29,novela,0,0
2025-06-30,comic,0,0
2025-06-30,cuentos,0,0
2025-06-30,manga,0,0
2025-06-30,novela,0,0
2025-07-01,comic,0,0
2025-07-01,cuentos,0,0
2025-07-01,manga,0,0
2025-07-01,novela,0,0
2025-07-02,comic,0,0
2025-07-02,cuentos,0,0
2025-07-02,manga,0,0
2025-07-02,novela,0,0
2025-07-03,comic,0,0
2025-07-03,cuentos,0,0
2025-07-03,manga,0,0
2025-07-03,novela,0,0
2025-07-04,comic,0,0
2025-07-04,cuentos,0,0
2025-07-04,manga,0,0
2025-07-04,novela,0,0
2025-07-05,comic,0,0
2025-07-05,cuentos,0,0
2025-07-05,manga,0,0
2025-07-05,novela,0,0
2025-07-06,comic,0,0
2025-07-06,cuentos,0,0
2025-07-06,manga,0,0
2025-07-06,novela,0,0
2025-07-07,comic,0,0
2025-07-07,cuentos,0,0
2025-07-07,manga,0,0
2025-07-07,novela,0,0
2025-07-08,comic,0,0
2025-07-08,cuentos,0,0
2025-07-08,manga,0,0
2025-07-08,novela,0,0
2025-07-09,comic,0,0
2025-07-09,cuentos,0,0
2025-07-09,manga,0,0
2025-07-09,novela,0,0
2025-07-10,comic,0,0
2025-07-10,cuentos,0,0
2025-07-10,manga,0,0
2025-07-10,novela,0,0
2025-07-11,comic,0,0
2025-07-11,cuentos,0,0
2025-07-11,manga,0,0
2025-07-11,novela,0,0
2025-07-12,comic,0,0
2025-07-12,cuentos,0,0
2025-07-12,manga,0,0
2025-07-12,novela,0,0
2025-07-13,comic,0,0
2025-07-13,cuentos,0,0
2025-07-13,manga,0,0
2025-07-13,novela,0,0
2025-07-14,comic,0,0
2025-07-14,cuentos,0,0
2025-07-14,manga,0,0
2025-07-14,novela,0,0
2025-07-15,comic,1,39
2025-07-15,cuentos,0,0
2025-07-15,manga,0,0
2025-07-15,novela,1,21
2025-07-16,comic,0,0
2025-07-16,cuentos,0,0
2025-07-16,manga,0,0
2025-07-16,novela,0,0
2025-07-17,comic,0,0
2025-07-17,cuentos,0,0
2025-07-17,manga,0,0
2025-07-17,novela,0,0
2025-07-18,comic,0,0
2025-07-18,cuentos,0,0
2025-07-18,manga,0,0
2025-07-18,novela,0,0
2025-07-19,comic,0,0
2025-07-19,cuentos,0,0
2025-07-19,manga,0,0
2025-07-19,novela,0,0
2025-07-20,comic,0,0
2025-07-20,cuentos,0,0
2025-07-20,manga,0,0
2025-07-20,novela,0,0
2025-07-21,comic,0,0
2025-07-21,cuentos,0,0
2025-07-21,manga,0,0
2025-07-21,novela,0,0
2025-07-22,comic,0,0
2025-07-22,cuentos,0,0
2025-07-22,manga,0,0
2025-07-22,novela,0,0
2025-07-23,comic,0,0
2025-07-23,cuentos,0,0
2025-07-23,manga,0,0
2025-07-23,novela,0,0
2025-07-24,comic,1,46
2025-07-24,cuentos,0,0
2025-07-24,manga,0,0
2025-07-24,novela,0,0
2025-07-25,comic,0,0
2025-07-25,cuentos,0,0
2025-07-25,manga,0,0
2025-07-25,novela,0,0
2025-07-26,comic,0,0
2025-07-26,cuentos,0,0
2025-07-26,manga,0,0
2025-07-26,novela,0,0
2025-07-27,comic,0,0
2025-07-27,cuentos,0,0
2025-07-27,manga,0,0
2025-07-27,novela,0,0
2025-07-28,comic,0,0
2025-07-28,cuentos,0,0
2025-07-28,manga,0,0
2025-07-28,novela,0,0
2025-07-29,comic,0,0
2025-07-29,cuentos,0,0
2025-07-29,manga,0,0
2025-07-29,novela,0,0
2025-07-30,comic,0,0
2025-07-30,cuentos,0,0
2025-07-30,manga,0,0
2025-07-30,novela,0,0
2025-07-31,comic,0,0
2025-07-31,cuentos,0,0
2025-07-31,manga,0,0
2025-07-31,novela,0,0
2025-08-01,comic,0,0
2025-08-01,cuentos,0,0
2025-08-01,manga,0,0
2025-08-01,novela,0,0
2025-08-02,comic,0,0
2025-08-02,cuentos,0,0
2025-08-02,manga,0,0
2025-08-02,novela,0,0
2025-08-03,comic,0,0
2025-08-03,cuentos,0,0
2025-08-03,manga,0,0
2025-08-03,novela,0,0
2025-08-04,comic,0,0
2025-08-04,cuentos,0,0
2025-08-04,manga,0,0
2025-08-04,novela,0,0
2025-08-05,comic,0,0
2025-08-05,cuentos,0,0
2025-08-05,manga,0,0
2025-08-05,novela,0,0
2025-08-06,comic,0,0
2025-08-06,cuentos,0,0
2025-08-06,manga,0,0
2025-08-06,novela,0,0
2025-08-07,comic,0,0
2025-08-07,cuentos,0,0
2025-08-07,manga,0,0
2025-08-07,novela,0,0
2025-08-08,comic,0,0
2025-08-08,cuentos,0,0
2025-08-08,manga,0,0
2025-08-08,novela,0,0
2025-08-09,comic,0,0
2025-08-09,cuentos,0,0
2025-08-09,manga,0,0
2025-08-09,novela,0,0
2025-08-10,comic,0,0
2025-08-10,cuentos,0,0
2025-08-10,manga,0,0
2025-08-10,novela,0,0
2025-08-11,comic,0,0
2025-08-11,cuentos,0,0
2025-08-11,manga,0,0
2025-08-11,novela,0,0
2025-08-12,comic,0,0
2025-08-12,cuentos,0,0
2025-08-12,manga,0,0
2025-08-12,novela,0,0
2025-08-13,comic,0,0
2025-08-13,cuentos,0,0
2025-08-13,manga,0,0
2025-08-13,novela,0,0
2025-08-14,comic,0,0
2025-08-14,cuentos,0,0
2025-08-14,manga,0,0
2025-08-14,novela,0,0
2025-08-15,comic,0,0
2025-08-15,cuentos,0,0
2025-08-15,manga,0,0
2025-08-15,novela,0,0
2025-08-16,comic,0,0
2025-08-16,cuentos,0,0
2025-08-16,manga,0,0
2025-08-16,novela,0,0
2025-08-17,comic,0,0
2025-08-17,cuentos,0,0
2025-08-17,manga,0,0
2025-08-17,novela,0,0
2025-08-18,comic,0,0
2025-08-18,cuentos,0,0
2025-08-18,manga,0,0
2025-08-18,novela,0,0
2025-08-19,comic,0,0
2025-08-19,cuentos,0,0
2025-08-19,manga,0,0
2025-08-19,novela,0,0
2025-08-20,comic,0,0
2025-08-20,cuentos,0,0
2025-08-20,manga,0,0
2025-08-20,novela,0,0
2025-08-21,comic,0,0
2025-08-21,cuentos,0,0
2025-08-21,manga,0,0
2025-08-21,novela,0,0
2025-08-22,comic,0,0
2025-08-22,cuentos,0,0
2025-08-22,manga,0,0
2025-08-22,novela,0,0
2025-08-23,comic,0,0
2025-08-23,cuentos,0,0
2025-08-23,manga,0,0
2025-08-23,novela,0,0
2025-08-24,comic,0,0
2025-08-24,cuentos,0,0
2025-08-24,manga,0,0
2025-08-24,novela,0,0
2025-08-25,comic,0,0
2025-08-25,cuentos,0,0
2025-08-25,manga,0,0
2025-08-25,novela,0,0
2025-08-26,comic,0,0
2025-08-26,cuentos,0,0
2025-08-26,manga,0,0
2025-08-26,novela,0,0
2025-08-27,comic,0,0
2025-08-27,cuentos,0,0
2025-08-27,manga,0,0
2025-08-27,novela,0,0
2025-08-28,comic,0,0
2025-08-28,cuentos,0,0
2025-08-28,manga,0,0
2025-08-28,novela,0,0
2025-08-29,comic,0,0
2025-08-29,cuentos,0,0
2025-08-29,manga,0,0
2025-08-29,novela,0,0
2025-08-30,comic,0,0
2025-08-30,cuentos,0,0
2025-08-30,manga,0,0
2025-08-30,novela,0,0
2025-08-31,comic,0,0
2025-08-31,cuentos,0,0
2025-08-31,manga,0,0
2025-08-31,novela,0,0
2025-09-01,comic,0,0
2025-09-01,cuentos,0,0
2025-09-01,manga,0,0
2025-09-01,novela,0,0
2025-09-02,comic,0,0
2025-09-02,cuentos,0,0
2025-09-02,manga,0,0
2025-09-02,novela,0,0
2025-09-03,comic,0,0
2025-09-03,cuentos,0,0
2025-09-03,manga,0,0
2025-09-03,novela,0,0
2025-09-04,comic,0,0
2025-09-04,cuentos,0,0
2025-09-04,manga,0,0
2025-09-04,novela,0,0
2025-09-05,comic,0,0
2025-09-05,cuentos,0,0
2025-09-05,manga,0,0
2025-09-05,novela,0,0
2025-09-06,comic,0,0
2025-09-06,cuentos,0,0
2025-09-06,manga,0,0
2025-09-06,novela,0,0
2025-09-07,comic,0,0
2025-09-07,cuentos,0,0
2025-09-07,manga,0,0
2025-09-07,novela,0,0
2025-09-08,comic,0,0
2025-09-08,cuentos,0,0
2025-09-08,manga,0,0
2025-09-08,novela,0,0
2025-09-09,comic,0,0
2025-09-09,cuentos,0,0
2025-09-09,manga,0,0
2025-09-09,novela,0,0
2025-09-10,comic,0,0
2025-09-10,cuentos,0,0
2025-09-10,manga,0,0
2025-09-10,novela,0,0
2025-09-11,comic,0,0
2025-09-11,cuentos,1,21
2025-09-11,manga,0,0
2025-09-11,novela,0,0
2025-09-12,comic,0,0
2025-09-12,cuentos,0,0
2025-09-12,manga,0,0
2025-09-12,novela,0,0
2025-09-13,comic,0,0
2025-09-13,cuentos,0,0
2025-09-13,manga,0,0
2025-09-13,novela,0,0
2025-09-14,comic,0,0
2025-09-14,cuentos,0,0
2025-09-14,manga,0,0
2025-09-14,novela,0,0
2025-09-15,comic,0,0
2025-09-15,cuentos,0,0
2025-09-15,manga,0,0
2025-09-15,novela,0,0
2025-09-16,comic,0,0
2025-09-16,cuentos,0,0
2025-09-16,manga,0,0
2025-09-16,novela,0,0
2025-09-17,comic,0,0
2025-09-17,cuentos,0,0
2025-09-17,manga,0,0
2025-09-17,novela,0,0
2025-09-18,comic,0,0
2025-09-18,cuentos,0,0
2025-09-18,manga,0,0
2025-09-18,novela,0,0
2025-09-19,comic,0,0
2025-09-19,cuentos,0,0
2025-09-19,manga,0,0
2025-09-19,novela,0,0
2025-09-20,comic,0,0
2025-09-20,cuentos,0,0
2025-09-20,manga,0,0
2025-09-20,novela,0,0
2025-09-21,comic,0,0
2025-09-21,cuentos,0,0
2025-09-21,manga,0,0
2025-09-21,novela,0,0
2025-09-22,comic,0,0
2025-09-22,cuentos,0,0
2025-09-22,manga,0,0
2025-09-22,novela,0,0
2025-09-23,comic,0,0
2025-09-23,cuentos,0,0
2025-09-23,manga,0,0
2025-09-23,novela,0,0
2025-09-24,comic,0,0
2025-09-24,cuentos,0,0
2025-09-24,manga,0,0
2025-09-24,novela,0,0
2025-09-25,comic,0,0
2025-09-25,cuentos,0,0
2025-09-25,manga,0,0
2025-09-25,novela,0,0
2025-09-26,comic,0,0
2025-09-26,cuentos,0,0
2025-09-26,manga,0,0
2025-09-26,novela,0,0
2025-09-27,comic,0,0
2025-09-27,cuentos,0,0
2025-09-27,manga,0,0
2025-09-27,novela,0,0
2025-09-28,comic,0,0
2025-09-28,cuentos,0,0
2025-09-28,manga,0,0
2025-09-28,novela,0,0
2025-09-29,comic,0,0
2025-09-29,cuentos,1,22
2025-09-29,manga,0,0
2025-09-29,novela,0,0
2025-09-30,comic,0,0
2025-09-30,cuentos,0,0
2025-09-30,manga,0,0
2025-09-30,novela,0,0
2025-10-01,comic,0,0
2025-10-01,cuentos,0,0
2025-10-01,manga,0,0
2025-10-01,novela,0,0
2025-10-02,comic,0,0
2025-10-02,cuentos,0,0
2025-10-02,manga,0,0
2025-10-02,novela,0,0
2025-10-03,comic,0,0
2025-10-03,cuentos,0,0
2025-10-03,manga,0,0
2025-10-03,novela,0,0
2025-10-04,comic,0,0
2025-10-04,cuentos,0,0
2025-10-04,manga,0,0
2025-10-04,novela,0,0
2025-10-05,comic,0,0
2025-10-05,cuentos,0,0
2025-10-05,manga,0,0
2025-10-05,novela,0,0
2025-10-06,comic,0,0
2025-10-06,cuentos,1,23
2025-10-06,manga,0,0
2025-10-06,novela,0,0
2025-10-07,comic,0,0
2025-10-07,cuentos,0,0
2025-10-07,manga,0,0
2025-10-07,novela,0,0
2025-10-08,comic,0,0
2025-10-08,cuentos,0,0
2025-10-08,manga,0,0
2025-10-08,novela,0,0
2025-10-09,comic,0,0
2025-10-09,cuentos,0,0
2025-10-09,manga,0,0
2025-10-09,novela,0,0
2025-10-10,comic,0,0
2025-10-10,cuentos,0,0
2025-10-10,manga,0,0
2025-10-10,novela,0,0
2025-10-11,comic,0,0
2025-10-11,cuentos,0,0
2025-10-11,manga,0,0
2025-10-11,novela,0,0
2025-10-12,comic,0,0
2025-10-12,cuentos,0,0
2025-10-12,manga,0,0
2025-10-12,novela,0,0
2025-10-13,comic,0,0
2025-10-13,cuentos,0,0
2025-10-13,manga,0,0
2025-10-13,novela,0,0
2025-10-14,comic,0,0
2025-10-14,cuentos,0,0
2025-10-14,manga,0,0
2025-10-14,novela,0,0
2025-10-15,comic,0,0
2025-10-15,cuentos,0,0
2025-10-15,manga,0,0
2025-10-15,novela,0,0
2025-10-16,comic,0,0
2025-10-16,cuentos,0,0
2025-10-16,manga,0,0
2025-10-16,novela,0,0
2025-10-17,comic,0,0
2025-10-17,cuentos,0,0
2025-10-17,manga,0,0
2025-10-17,novela,0,0
2025-10-18,comic,0,0
2025-10-18,cuentos,0,0
2025-10-18,manga,0,0
2025-10-18,novela,0,0
2025-10-19,comic,0,0
2025-10-19,cuentos,0,0
2025-10-19,manga,0,0
2025-10-19,novela,0,0
2025-10-20,comic,0,0
2025-10-20,cuentos,0,0
2025-10-20,manga,0,0
2025-10-20,novela,0,0
2025-10-21,comic,0,0
2025-10-21,cuentos,0,0
2025-10-21,manga,0,0
2025-10-21,novela,0,0
2025-10-22,comic,0,0
2025-10-22,cuentos,0,0
2025-10-22,manga,0,0
2025-10-22,novela,0,0
2025-10-23,comic,0,0
2025-10-23,cuentos,0,0
2025-10-23,manga,0,0
2025-10-23,novela,0,0
2025-10-24,comic,0,0
2025-10-24,cuentos,0,0
2025-10-24,manga,0,0
2025-10-24,novela,0,0
2025-10-25,comic,0,0
2025-10-25,cuentos,0,0
2025-10-25,manga,0,0
2025-10-25,novela,0,0
2025-10-26,comic,0,0
2025-10-26,cuentos,0,0
2025-10-26,manga,0,0
2025-10-26,novela,0,0
2025-10-27,comic,0,0
2025-10-27,cuentos,1,20
2025-10-27,manga,0,0
2025-10-27,novela,0,0
2025-10-28,comic,0,0
2025-10-28,cuentos,0,0
2025-10-28,manga,0,0
2025-10-28,novela,0,0
2025-10-29,comic,0,0
2025-10-29,cuentos,0,0
2025-10-29,manga,0,0
2025-10-29,novela,0,0
2025-10-30,comic,0,0
2025-10-30,cuentos,1,13
2025-10-30,manga,0,0
2025-10-30,novela,0,0
2025-10-31,comic,0,0
2025-10-31,cuentos,0,0
2025-10-31,manga,0,0
2025-10-31,novela,0,0
2025-11-01,comic,0,0
2025-11-01,cuentos,0,0
2025-11-01,manga,0,0
2025-11-01,novela,0,0
2025-11-02,comic,0,0
2025-11-02,cuentos,0,0
2025-11-02,manga,0,0
2025-11-02,novela,0,0
2025-11-03,comic,0,0
2025-11-03,cuentos,0,0
2025-11-03,manga,0,0
2025-11-03,novela,0,0
2025-11-04,comic,0,0
2025-11-04,cuentos,0,0
2025-11-04,manga,0,0
2025-11-04,novela,0,0
2025-11-05,comic,0,0
2025-11-05,cuentos,0,0
2025-11-05,manga,0,0
2025-11-05,novela,0,0
2025-11-06,comic,0,0
2025-11-06,cuentos,0,0
2025-11-06,manga,0,0
2025-11-06,novela,0,0
2025-11-07,comic,0,0
2025-11-07,cuentos,0,0
2025-11-07,manga,0,0
2025-11-07,novela,0,0
2025-11-08,comic,0,0
2025-11-08,cuentos,0,0
2025-11-08,manga,0,0
2025-11-08,novela,0,0
2025-11-09,comic,0,0
2025-11-09,cuentos,1,18
2025-11-09,manga,0,0
2025-11-09,novela,0,0
